"Station Name","VANCOUVER INTL A"
"Province","BRITISH COLUMBIA"
"Latitude","49.19"
"Longitude","-123.18"
"Elevation","4.30"
"Climate Identifier","1108395"
"WMO Identifier","71892"
"TC Identifier","YVR"
"All times are specified in Local Standard Time (LST). Add 1 hour to adjust for Daylight Saving Time where and when it is observed."

"Legend"
"E","Estimated"
"M","Missing"
"NA","Not Available"
"","Partner data that is not subject to review by the National Climate Archives"

"Date/Time","Year","Month","Day","Time","Data Quality","Temp (°C)","Temp Flag","Dew Point Temp (°C)","Dew Point Temp Flag","Rel Hum (%)","Rel Hum Flag","Wind Dir (10s deg)","Wind Dir Flag","Wind Spd (km/h)","Wind Spd Flag","Visibility (km)","Visibility Flag","Stn Press (kPa)","Stn Press Flag","Hmdx","Hmdx Flag","Wind Chill","Wind Chill Flag","Weather"
"2015-02-01 00:00","2015","02","01","00:00","","5.9","","5.5","","97","","26","","8","","24.1","","102.01","","","","","","Rain"
"2015-02-01 01:00","2015","02","01","01:00","","6.0","","5.6","","97","","2","","9","","24.1","","101.90","","","","","","Cloudy"
"2015-02-01 02:00","2015","02","01","02:00","","6.4","","5.7","","95","","36","","2","","32.2","","101.84","","","","","","NA"
"2015-02-01 03:00","2015","02","01","03:00","","5.4","","5.0","","97","","24","","7","","32.2","","101.81","","","","","","NA"
"2015-02-01 04:00","2015","02","01","04:00","","5.8","","5.5","","98","","7","","5","","32.2","","101.75","","","","","","Cloudy"
"2015-02-01 05:00","2015","02","01","05:00","","5.7","","5.4","","98","","16","","6","","32.2","","101.76","","","","","","NA"
"2015-02-01 06:00","2015","02","01","06:00","","6.0","","5.3","","95","","5","","8","","24.1","","101.71","","","","","","NA"
"2015-02-01 07:00","2015","02","01","07:00","","6.3","","4.8","","90","","9","","19","","24.1","","101.59","","","","","","Cloudy"
"2015-02-01 08:00","2015","02","01","08:00","","6.4","","5.4","","93","","8","","16","","24.1","","101.55","","","","","","NA"
"2015-02-01 09:00","2015","02","01","09:00","","6.7","","5.7","","93","","10","","8","","24.1","","101.50","","","","","","NA"
"2015-02-01 10:00","2015","02","01","10:00","","6.7","","6.0","","95","","10","","8","","19.3","","101.51","","","","","","Rain"
"2015-02-01 11:00","2015","02","01","11:00","","7.1","","6.4","","95","","10","","10","","16.1","","101.54","","","","","","Rain"
"2015-02-01 12:00","2015","02","01","12:00","","7.1","","6.5","","96","","10","","13","","12.9","","101.52","","","","","","Rain"
"2015-02-01 13:00","2015","02","01","13:00","","8.2","","7.3","","94","","10","","12","","19.3","","101.53","","","","","","Cloudy"
"2015-02-01 14:00","2015","02","01","14:00","","8.3","","6.3","","87","","10","","18","","19.3","","101.52","","","","","","NA"
"2015-02-01 15:00","2015","02","01","15:00","","8.0","","6.3","","89","","7","","15","","19.3","","101.55","","","","","","NA"
"2015-02-01 16:00","2015","02","01","16:00","","8.2","","6.3","","88","","7","","14","","19.3","","101.56","","","","","","Cloudy"
"2015-02-01 17:00","2015","02","01","17:00","","8.1","","6.4","","89","","9","","9","","19.3","","101.64","","","","","","NA"
"2015-02-01 18:00","2015","02","01","18:00","","8.0","","6.6","","91","","8","","12","","16.1","","101.62","","","","","","NA"
"2015-02-01 19:00","2015","02","01","19:00","","8.1","","6.9","","92","","8","","9","","16.1","","101.68","","","","","","Cloudy"
"2015-02-01 20:00","2015","02","01","20:00","","7.7","","6.8","","94","","9","","10","","19.3","","101.70","","","","","","NA"
"2015-02-01 21:00","2015","02","01","21:00","","7.8","","6.8","","93","","9","","9","","16.1","","101.74","","","","","","NA"
"2015-02-01 22:00","2015","02","01","22:00","","7.8","","6.8","","93","","10","","11","","19.3","","101.77","","","","","","Cloudy"
"2015-02-01 23:00","2015","02","01","23:00","","7.9","","6.9","","93","","9","","13","","16.1","","101.80","","","","","","NA"
"2015-02-02 00:00","2015","02","02","00:00","","7.9","","6.9","","93","","9","","13","","16.1","","101.78","","","","","","NA"
"2015-02-02 01:00","2015","02","02","01:00","","7.8","","7.1","","95","","10","","12","","16.1","","101.74","","","","","","Cloudy"
"2015-02-02 02:00","2015","02","02","02:00","","7.7","","6.8","","94","","8","","13","","19.3","","101.67","","","","","","NA"
"2015-02-02 03:00","2015","02","02","03:00","","7.2","","6.5","","95","","10","","13","","19.3","","101.62","","","","","","NA"
"2015-02-02 04:00","2015","02","02","04:00","","7.6","","6.6","","93","","9","","10","","19.3","","101.59","","","","","","Cloudy"
"2015-02-02 05:00","2015","02","02","05:00","","7.8","","6.8","","93","","8","","11","","19.3","","101.53","","","","","","NA"
"2015-02-02 06:00","2015","02","02","06:00","","7.8","","6.4","","91","","6","","14","","19.3","","101.41","","","","","","NA"
"2015-02-02 07:00","2015","02","02","07:00","","8.2","","6.3","","88","","5","","14","","19.3","","101.32","","","","","","Cloudy"
"2015-02-02 08:00","2015","02","02","08:00","","8.2","","6.0","","86","","9","","14","","16.1","","101.20","","","","","","Rain"
"2015-02-02 09:00","2015","02","02","09:00","","8.0","","6.3","","89","","11","","11","","19.3","","101.12","","","","","","NA"
"2015-02-02 10:00","2015","02","02","10:00","","7.9","","6.5","","91","","11","","16","","19.3","","101.09","","","","","","Cloudy"
"2015-02-02 11:00","2015","02","02","11:00","","7.6","","6.7","","94","","15","","9","","8.1","","101.10","","","","","","Rain,Fog"
"2015-02-02 12:00","2015","02","02","12:00","","8.2","","7.0","","92","","9","","13","","12.9","","101.04","","","","","","Rain"
"2015-02-02 13:00","2015","02","02","13:00","","8.0","","6.9","","93","","5","","10","","8.1","","101.06","","","","","","Rain"
"2015-02-02 14:00","2015","02","02","14:00","","7.8","","6.6","","92","","10","","7","","8.1","","101.09","","","","","","Rain,Fog"
"2015-02-02 15:00","2015","02","02","15:00","","7.7","","6.5","","92","","36","","1","","8.1","","101.14","","","","","","Rain,Fog"
"2015-02-02 16:00","2015","02","02","16:00","","7.7","","7.0","","95","","7","","3","","12.9","","101.19","","","","","","Cloudy"
"2015-02-02 17:00","2015","02","02","17:00","","7.6","","7.0","","96","","14","","4","","12.9","","101.29","","","","","","NA"
"2015-02-02 18:00","2015","02","02","18:00","","7.6","","7.0","","96","","13","","9","","12.9","","101.37","","","","","","Drizzle"
"2015-02-02 19:00","2015","02","02","19:00","","7.4","","6.4","","93","","12","","4","","6.4","","101.45","","","","","","Drizzle"
"2015-02-02 20:00","2015","02","02","20:00","","7.3","","6.7","","96","","9","","10","","12.9","","101.48","","","","","","Drizzle"
"2015-02-02 21:00","2015","02","02","21:00","","7.4","","7.0","","97","","9","","7","","12.9","","101.51","","","","","","NA"
"2015-02-02 22:00","2015","02","02","22:00","","7.6","","6.9","","95","","7","","12","","12.9","","101.53","","","","","","Cloudy"
"2015-02-02 23:00","2015","02","02","23:00","","7.7","","7.0","","95","","8","","9","","12.9","","101.63","","","","","","NA"
"2015-02-03 00:00","2015","02","03","00:00","","7.1","","6.5","","96","","6","","13","","16.1","","101.66","","","","","","NA"
"2015-02-03 01:00","2015","02","03","01:00","","6.7","","6.1","","96","","7","","13","","19.3","","101.67","","","","","","Mainly Clear"
"2015-02-03 02:00","2015","02","03","02:00","","6.8","","6.4","","97","","8","","10","","16.1","","101.70","","","","","","Rain"
"2015-02-03 03:00","2015","02","03","03:00","","6.9","","6.5","","97","","8","","10","","12.9","","101.71","","","","","","Rain"
"2015-02-03 04:00","2015","02","03","04:00","","7.2","","6.9","","98","","8","","10","","12.9","","101.69","","","","","","Rain"
"2015-02-03 05:00","2015","02","03","05:00","","7.3","","7.0","","98","","9","","11","","16.1","","101.66","","","","","","NA"
"2015-02-03 06:00","2015","02","03","06:00","","7.6","","7.3","","98","","9","","10","","12.9","","101.66","","","","","","Rain"
"2015-02-03 07:00","2015","02","03","07:00","","7.8","","7.5","","98","","5","","11","","16.1","","101.65","","","","","","Cloudy"
"2015-02-03 08:00","2015","02","03","08:00","","7.7","","7.1","","96","","3","","10","","19.3","","101.67","","","","","","NA"
"2015-02-03 09:00","2015","02","03","09:00","","7.8","","7.2","","96","","8","","11","","12.9","","101.70","","","","","","NA"
"2015-02-03 10:00","2015","02","03","10:00","","7.9","","7.3","","96","","7","","11","","16.1","","101.75","","","","","","Cloudy"
"2015-02-03 11:00","2015","02","03","11:00","","8.0","","7.6","","97","","9","","12","","4.8","","101.83","","","","","","Drizzle,Fog"
"2015-02-03 12:00","2015","02","03","12:00","","8.6","","8.0","","96","","10","","11","","8.1","","101.88","","","","","","Drizzle,Fog"
"2015-02-03 13:00","2015","02","03","13:00","","8.8","","7.9","","94","","6","","8","","24.1","","101.87","","","","","","Cloudy"
"2015-02-03 14:00","2015","02","03","14:00","","9.2","","8.0","","92","","7","","10","","24.1","","101.87","","","","","","NA"
"2015-02-03 15:00","2015","02","03","15:00","","9.3","","7.8","","90","","8","","7","","24.1","","101.87","","","","","","NA"
"2015-02-03 16:00","2015","02","03","16:00","","8.9","","7.5","","91","","14","","12","","24.1","","101.89","","","","","","Cloudy"
"2015-02-03 17:00","2015","02","03","17:00","","8.5","","7.3","","92","","36","","1","","24.1","","101.93","","","","","","NA"
"2015-02-03 18:00","2015","02","03","18:00","","7.6","","7.0","","96","","20","","4","","24.1","","101.96","","","","","","NA"
"2015-02-03 19:00","2015","02","03","19:00","","8.4","","7.3","","93","","9","","8","","24.1","","101.98","","","","","","Cloudy"
"2015-02-03 20:00","2015","02","03","20:00","","8.4","","7.3","","93","","10","","9","","19.3","","101.99","","","","","","NA"
"2015-02-03 21:00","2015","02","03","21:00","","8.3","","7.7","","96","","3","","4","","19.3","","101.97","","","","","","NA"
"2015-02-03 22:00","2015","02","03","22:00","","7.4","","7.1","","98","","11","","8","","24.1","","101.95","","","","","","Mostly Cloudy"
"2015-02-03 23:00","2015","02","03","23:00","","7.8","","7.2","","96","","9","","7","","19.3","","101.95","","","","","","NA"
"2015-02-04 00:00","2015","02","04","00:00","","7.5","","7.1","","97","","3","","6","","19.3","","101.95","","","","","","NA"
"2015-02-04 01:00","2015","02","04","01:00","","7.7","","7.3","","97","","6","","8","","19.3","","101.94","","","","","","Cloudy"
"2015-02-04 02:00","2015","02","04","02:00","","7.3","","6.9","","97","","4","","3","","24.1","","101.91","","","","","","NA"
"2015-02-04 03:00","2015","02","04","03:00","","7.1","","6.5","","96","","9","","4","","24.1","","101.88","","","","","","NA"
"2015-02-04 04:00","2015","02","04","04:00","","5.1","","4.8","","98","","9","","5","","24.1","","101.81","","","","","","Mostly Cloudy"
"2015-02-04 05:00","2015","02","04","05:00","","6.0","","5.9","","99","","5","","5","","24.1","","101.75","","","","","","NA"
"2015-02-04 06:00","2015","02","04","06:00","","5.3","","5.0","","98","","36","","2","","24.1","","101.71","","","","","","NA"
"2015-02-04 07:00","2015","02","04","07:00"
"2015-02-04 08:00","2015","02","04","08:00","","4.1","","3.8","","98","","36","","1","","48.3","","101.65","","","","","","NA"
"2015-02-04 09:00","2015","02","04","09:00","","5.8","","5.4","","97","","12","","3","","48.3","","101.64","","","","","","NA"
"2015-02-04 10:00","2015","02","04","10:00","","6.7","","5.5","","92","","14","","8","","48.3","","101.61","","","","","","Cloudy"
"2015-02-04 11:00","2015","02","04","11:00","","7.1","","5.1","","87","","12","","8","","48.3","","101.58","","","","","","NA"
"2015-02-04 12:00","2015","02","04","12:00","","7.6","","5.8","","88","","14","","6","","40.2","","101.53","","","","","","Rain"
"2015-02-04 13:00","2015","02","04","13:00","","7.4","","6.2","","92","","32","","5","","24.1","","101.45","","","","","","Rain"
"2015-02-04 14:00","2015","02","04","14:00","","7.7","","6.7","","93","","10","","4","","24.1","","101.35","","","","","","Rain"
"2015-02-04 15:00","2015","02","04","15:00","","8.2","","6.5","","89","","7","","9","","24.1","","101.26","","","","","","Rain"
"2015-02-04 16:00","2015","02","04","16:00","","8.2","","6.7","","90","","8","","10","","24.1","","101.17","","","","","","Rain"
"2015-02-04 17:00","2015","02","04","17:00","","8.3","","6.9","","91","","12","","7","","32.2","","101.12","","","","","","Rain"
"2015-02-04 18:00","2015","02","04","18:00","","6.3","","5.7","","96","","20","","7","","24.1","","101.07","","","","","","Rain"
"2015-02-04 19:00","2015","02","04","19:00","","7.3","","6.6","","95","","9","","9","","19.3","","101.03","","","","","","Rain"
"2015-02-04 20:00","2015","02","04","20:00","","6.6","","6.3","","98","","11","","4","","19.3","","100.95","","","","","","Rain"
"2015-02-04 21:00","2015","02","04","21:00","","7.4","","6.8","","96","","10","","12","","19.3","","100.91","","","","","","Rain"
"2015-02-04 22:00","2015","02","04","22:00","","7.2","","6.6","","96","","9","","18","","16.1","","100.86","","","","","","Rain"
"2015-02-04 23:00","2015","02","04","23:00","","7.2","","6.8","","97","","8","","13","","19.3","","100.74","","","","","","Rain"
"2015-02-05 00:00","2015","02","05","00:00","","7.2","","6.8","","97","","9","","15","","16.1","","100.65","","","","","","Rain"
"2015-02-05 01:00","2015","02","05","01:00","","7.3","","6.9","","97","","8","","14","","19.3","","100.50","","","","","","Rain"
"2015-02-05 02:00","2015","02","05","02:00","","7.3","","6.9","","97","","9","","14","","19.3","","100.39","","","","","","Rain"
"2015-02-05 03:00","2015","02","05","03:00","","7.3","","6.9","","97","","8","","17","","19.3","","100.29","","","","","","NA"
"2015-02-05 04:00","2015","02","05","04:00","","7.5","","7.2","","98","","9","","19","","19.3","","100.12","","","","","","Rain"
"2015-02-05 05:00","2015","02","05","05:00","","8.8","","7.9","","94","","8","","23","","19.3","","99.94","","","","","","Rain"
"2015-02-05 06:00","2015","02","05","06:00","","9.4","","8.0","","91","","9","","28","","19.3","","99.82","","","","","","Rain"
"2015-02-05 07:00","2015","02","05","07:00","","8.9","","8.2","","95","","9","","23","","16.1","","99.76","","","","","","Rain"
"2015-02-05 08:00","2015","02","05","08:00","","8.8","","8.1","","95","","9","","28","","16.1","","99.75","","","","","","Moderate Rain"
"2015-02-05 09:00","2015","02","05","09:00","","9.3","","8.6","","95","","11","","28","","9.7","","99.76","","","","","","Moderate Rain"
"2015-02-05 10:00","2015","02","05","10:00","","10.0","","9.2","","95","","11","","22","","24.1","","99.83","","","","","","Cloudy"
"2015-02-05 11:00","2015","02","05","11:00","","11.3","","9.7","","90","","13","","23","","24.1","","99.89","","","","","","NA"
"2015-02-05 12:00","2015","02","05","12:00","","11.4","","9.7","","89","","13","","27","","24.1","","99.90","","","","","","NA"
"2015-02-05 13:00","2015","02","05","13:00","","12.0","","10.1","","88","","13","","28","","24.1","","99.87","","","","","","Rain"
"2015-02-05 14:00","2015","02","05","14:00","","12.4","","10.8","","90","","13","","26","","24.1","","99.79","","","","","","NA"
"2015-02-05 15:00","2015","02","05","15:00","","11.7","","10.6","","93","","14","","32","","4.0","","99.79","","","","","","Moderate Rain,Fog"
"2015-02-05 16:00","2015","02","05","16:00","","11.5","","10.9","","96","","12","","22","","16.1","","99.63","","","","","","Rain"
"2015-02-05 17:00","2015","02","05","17:00","","11.6","","11.0","","96","","12","","24","","12.9","","99.57","","","","","","Rain"
"2015-02-05 18:00","2015","02","05","18:00","","11.6","","11.0","","96","","11","","27","","19.3","","99.53","","","","","","Rain"
"2015-02-05 19:00","2015","02","05","19:00","","11.8","","11.0","","95","","12","","30","","19.3","","99.49","","","","","","Rain"
"2015-02-05 20:00","2015","02","05","20:00","","11.5","","10.9","","96","","10","","23","","24.1","","99.37","","","","","","Rain"
"2015-02-05 21:00","2015","02","05","21:00","","11.9","","11.0","","94","","13","","21","","24.1","","99.33","","","","","","NA"
"2015-02-05 22:00","2015","02","05","22:00","","11.9","","11.0","","94","","11","","25","","24.1","","99.24","","","","","","Rain"
"2015-02-05 23:00","2015","02","05","23:00","","12.1","","11.3","","95","","13","","16","","24.1","","99.22","","","","","","Rain"
"2015-02-06 00:00","2015","02","06","00:00","","12.1","","11.3","","95","","13","","22","","24.1","","99.19","","","","","","Rain"
"2015-02-06 01:00","2015","02","06","01:00","","11.8","","11.0","","95","","13","","23","","24.1","","99.15","","","","","","Rain"
"2015-02-06 02:00","2015","02","06","02:00","","12.1","","11.2","","94","","15","","26","","24.1","","99.17","","","","","","Rain"
"2015-02-06 03:00","2015","02","06","03:00","","11.9","","11.1","","95","","13","","23","","24.1","","99.10","","","","","","Rain"
"2015-02-06 04:00","2015","02","06","04:00","","12.0","","11.2","","95","","12","","22","","24.1","","99.05","","","","","","Rain"
"2015-02-06 05:00","2015","02","06","05:00","","12.1","","11.0","","93","","12","","24","","24.1","","98.97","","","","","","NA"
"2015-02-06 06:00","2015","02","06","06:00","","11.9","","10.8","","93","","13","","27","","24.1","","98.92","","","","","","NA"
"2015-02-06 07:00","2015","02","06","07:00","","12.2","","10.6","","90","","14","","35","","24.1","","98.83","","","","","","Rain"
"2015-02-06 08:00","2015","02","06","08:00","","12.3","","10.7","","90","","15","","38","","16.1","","98.86","","","","","","Moderate Rain"
"2015-02-06 09:00","2015","02","06","09:00","","11.7","","10.6","","93","","15","","39","","19.3","","98.94","","","","","","Rain"
"2015-02-06 10:00","2015","02","06","10:00","","11.8","","10.7","","93","","15","","33","","24.1","","98.98","","","","","","Cloudy"
"2015-02-06 11:00","2015","02","06","11:00","","12.6","","10.9","","89","","15","","26","","24.1","","99.00","","","","","","NA"
"2015-02-06 12:00","2015","02","06","12:00","","12.4","","10.7","","89","","14","","16","","24.1","","99.06","","","","","","NA"
"2015-02-06 13:00","2015","02","06","13:00","","12.0","","10.8","","92","","13","","18","","24.1","","99.00","","","","","","Cloudy"
"2015-02-06 14:00","2015","02","06","14:00","","12.1","","10.4","","89","","15","","26","","24.1","","99.09","","","","","","NA"
"2015-02-06 15:00","2015","02","06","15:00","","11.9","","10.3","","90","","13","","20","","32.2","","99.11","","","","","","NA"
"2015-02-06 16:00","2015","02","06","16:00","","11.5","","10.1","","91","","12","","19","","24.1","","99.22","","","","","","Cloudy"
"2015-02-06 17:00","2015","02","06","17:00","","11.6","","9.9","","89","","11","","20","","32.2","","99.29","","","","","","NA"
"2015-02-06 18:00","2015","02","06","18:00","","10.8","","9.6","","92","","11","","23","","16.1","","99.30","","","","","","Rain"
"2015-02-06 19:00","2015","02","06","19:00","","10.6","","9.4","","92","","13","","30","","16.1","","99.36","","","","","","Rain"
"2015-02-06 20:00","2015","02","06","20:00","","10.8","","9.2","","90","","13","","22","","16.1","","99.38","","","","","","NA"
"2015-02-06 21:00","2015","02","06","21:00","","11.4","","9.2","","86","","13","","25","","24.1","","99.41","","","","","","NA"
"2015-02-06 22:00","2015","02","06","22:00","","11.4","","9.3","","87","","14","","27","","24.1","","99.49","","","","","","Cloudy"
"2015-02-06 23:00","2015","02","06","23:00","","10.7","","9.8","","94","","12","","19","","12.9","","99.48","","","","","","Rain Showers"
"2015-02-07 00:00","2015","02","07","00:00","","10.7","","9.6","","93","","13","","15","","12.9","","99.46","","","","","","Rain Showers"
"2015-02-07 01:00","2015","02","07","01:00","","10.9","","9.3","","90","","11","","21","","16.1","","99.37","","","","","","Cloudy"
"2015-02-07 02:00","2015","02","07","02:00","","10.8","","9.1","","89","","13","","22","","19.3","","99.32","","","","","","NA"
"2015-02-07 03:00","2015","02","07","03:00","","10.5","","9.1","","91","","11","","18","","19.3","","99.29","","","","","","NA"
"2015-02-07 04:00","2015","02","07","04:00","","10.7","","9.1","","90","","13","","18","","19.3","","99.26","","","","","","Cloudy"
"2015-02-07 05:00","2015","02","07","05:00","","10.2","","9.0","","92","","9","","15","","19.3","","99.26","","","","","","NA"
"2015-02-07 06:00","2015","02","07","06:00","","10.6","","9.0","","90","","12","","25","","16.1","","99.31","","","","","","Rain"
"2015-02-07 07:00","2015","02","07","07:00","","10.2","","9.1","","93","","12","","19","","19.3","","99.35","","","","","","Rain"
"2015-02-07 08:00","2015","02","07","08:00","","10.0","","9.2","","95","","12","","24","","16.1","","99.42","","","","","","Rain"
"2015-02-07 09:00","2015","02","07","09:00","","10.2","","9.6","","96","","10","","13","","19.3","","99.50","","","","","","Rain"
"2015-02-07 10:00","2015","02","07","10:00","","10.5","","9.7","","95","","9","","13","","16.1","","99.60","","","","","","Rain"
"2015-02-07 11:00","2015","02","07","11:00","","10.6","","9.7","","94","","9","","8","","12.9","","99.71","","","","","","Rain"
"2015-02-07 12:00","2015","02","07","12:00","","10.4","","9.8","","96","","10","","7","","9.7","","99.86","","","","","","Rain,Fog"
"2015-02-07 13:00","2015","02","07","13:00","","10.9","","10.1","","95","","9","","16","","16.1","","99.96","","","","","","Rain"
"2015-02-07 14:00","2015","02","07","14:00","","10.8","","9.9","","94","","9","","20","","24.1","","100.10","","","","","","NA"
"2015-02-07 15:00","2015","02","07","15:00","","10.4","","9.6","","95","","10","","21","","24.1","","100.22","","","","","","NA"
"2015-02-07 16:00","2015","02","07","16:00","","10.6","","9.2","","91","","11","","21","","24.1","","100.30","","","","","","Cloudy"
"2015-02-07 17:00","2015","02","07","17:00","","10.6","","8.9","","89","","14","","27","","24.1","","100.35","","","","","","NA"
"2015-02-07 18:00","2015","02","07","18:00","","10.8","","9.1","","89","","14","","26","","24.1","","100.43","","","","","","NA"
"2015-02-07 19:00","2015","02","07","19:00","","10.4","","9.3","","93","","13","","18","","19.3","","100.51","","","","","","Rain"
"2015-02-07 20:00","2015","02","07","20:00","","10.4","","9.6","","95","","12","","20","","24.1","","100.55","","","","","","NA"
"2015-02-07 21:00","2015","02","07","21:00","","10.4","","9.5","","94","","12","","19","","24.1","","100.61","","","","","","NA"
"2015-02-07 22:00","2015","02","07","22:00","","9.9","","9.3","","96","","12","","16","","24.1","","100.65","","","","","","Cloudy"
"2015-02-07 23:00","2015","02","07","23:00","","10.2","","9.3","","94","","12","","25","","24.1","","100.74","","","","","","NA"
"2015-02-08 00:00","2015","02","08","00:00","","10.2","","9.1","","93","","12","","13","","19.3","","100.85","","","","","","Rain"
"2015-02-08 01:00","2015","02","08","01:00","","9.9","","9.0","","94","","13","","19","","24.1","","100.91","","","","","","NA"
"2015-02-08 02:00","2015","02","08","02:00","","9.8","","8.6","","92","","13","","22","","24.1","","101.02","","","","","","NA"
"2015-02-08 03:00","2015","02","08","03:00","","9.6","","8.4","","92","","11","","18","","24.1","","101.11","","","","","","NA"
"2015-02-08 04:00","2015","02","08","04:00","","9.7","","8.3","","91","","13","","23","","24.1","","101.16","","","","","","Cloudy"
"2015-02-08 05:00","2015","02","08","05:00","","9.2","","8.1","","93","","13","","23","","24.1","","101.21","","","","","","NA"
"2015-02-08 06:00","2015","02","08","06:00","","9.8","","8.3","","90","","12","","28","","24.1","","101.28","","","","","","NA"
"2015-02-08 07:00","2015","02","08","07:00","","9.6","","8.2","","91","","9","","19","","24.1","","101.36","","","","","","Cloudy"
"2015-02-08 08:00","2015","02","08","08:00","","9.8","","8.3","","90","","8","","22","","24.1","","101.33","","","","","","Rain Showers"
"2015-02-08 09:00","2015","02","08","09:00","","10.4","","8.2","","86","","9","","22","","24.1","","101.32","","","","","","NA"
"2015-02-08 10:00","2015","02","08","10:00","","11.4","","8.6","","83","","9","","21","","24.1","","101.32","","","","","","Mostly Cloudy"
"2015-02-08 11:00","2015","02","08","11:00","","12.5","","8.6","","77","","7","","15","","24.1","","101.34","","","","","","Rain Showers"
"2015-02-08 12:00","2015","02","08","12:00","","13.3","","8.8","","74","","9","","17","","24.1","","101.33","","","","","","NA"
"2015-02-08 13:00","2015","02","08","13:00","","13.8","","8.5","","70","","7","","16","","32.2","","101.21","","","","","","Mostly Cloudy"
"2015-02-08 14:00","2015","02","08","14:00","","13.8","","8.3","","69","","6","","21","","32.2","","101.08","","","","","","NA"
"2015-02-08 15:00","2015","02","08","15:00","","13.6","","8.1","","69","","6","","16","","32.2","","101.00","","","","","","NA"
"2015-02-08 16:00","2015","02","08","16:00","","13.0","","8.3","","73","","3","","19","","32.2","","100.82","","","","","","Mostly Cloudy"
"2015-02-08 17:00","2015","02","08","17:00","","12.3","","8.0","","75","","6","","14","","32.2","","100.71","","","","","","NA"
"2015-02-08 18:00","2015","02","08","18:00","","11.6","","8.1","","79","","8","","15","","32.2","","100.60","","","","","","NA"
"2015-02-08 19:00","2015","02","08","19:00","","11.1","","7.6","","79","","8","","12","","32.2","","100.54","","","","","","Cloudy"
"2015-02-08 20:00","2015","02","08","20:00","","11.1","","7.8","","80","","7","","17","","32.2","","100.48","","","","","","NA"
"2015-02-08 21:00","2015","02","08","21:00","","11.8","","7.2","","73","","9","","15","","24.1","","100.42","","","","","","Rain"
"2015-02-08 22:00","2015","02","08","22:00","","9.8","","8.1","","89","","33","","19","","24.1","","100.36","","","","","","Cloudy"
"2015-02-08 23:00","2015","02","08","23:00","","8.4","","7.7","","95","","22","","18","","19.3","","100.43","","","","","","Rain"
"2015-02-09 00:00","2015","02","09","00:00","","8.4","","7.8","","96","","32","","5","","24.1","","100.41","","","","","","Rain"
"2015-02-09 01:00","2015","02","09","01:00","","8.5","","8.1","","97","","6","","4","","12.9","","100.44","","","","","","Moderate Rain"
"2015-02-09 02:00","2015","02","09","02:00","","9.0","","8.6","","97","","7","","7","","16.1","","100.41","","","","","","Rain"
"2015-02-09 03:00","2015","02","09","03:00","","9.1","","8.7","","97","","11","","9","","16.1","","100.37","","","","","","Rain"
"2015-02-09 04:00","2015","02","09","04:00","","9.1","","8.7","","97","","6","","9","","16.1","","100.30","","","","","","Rain"
"2015-02-09 05:00","2015","02","09","05:00","","9.1","","8.8","","98","","4","","5","","16.1","","100.30","","","","","","Rain"
"2015-02-09 06:00","2015","02","09","06:00","","9.5","","8.6","","94","","3","","10","","24.1","","100.28","","","","","","NA"
"2015-02-09 07:00","2015","02","09","07:00","","10.0","","8.5","","90","","3","","9","","32.2","","100.28","","","","","","Cloudy"
"2015-02-09 08:00","2015","02","09","08:00","","7.6","","7.0","","96","","21","","10","","24.1","","100.32","","","","","","NA"
"2015-02-09 09:00","2015","02","09","09:00","","8.4","","8.0","","97","","23","","5","","24.1","","100.40","","","","","","Rain Showers"
"2015-02-09 10:00","2015","02","09","10:00","","8.7","","8.1","","96","","18","","9","","24.1","","100.50","","","","","","Rain Showers"
"2015-02-09 11:00","2015","02","09","11:00","","9.7","","8.5","","92","","31","","8","","24.1","","100.58","","","","","","Rain"
"2015-02-09 12:00","2015","02","09","12:00","","9.0","","7.9","","93","","27","","8","","24.1","","100.64","","","","","","Rain"
"2015-02-09 13:00","2015","02","09","13:00","","9.3","","8.4","","94","","36","","3","","19.3","","100.67","","","","","","Rain"
"2015-02-09 14:00","2015","02","09","14:00","","10.2","","9.4","","95","","8","","8","","12.9","","100.72","","","","","","Rain"
"2015-02-09 15:00","2015","02","09","15:00","","11.0","","9.9","","93","","7","","14","","12.9","","100.79","","","","","","Rain"
"2015-02-09 16:00","2015","02","09","16:00","","10.9","","9.7","","92","","8","","12","","16.1","","100.86","","","","","","Rain"
"2015-02-09 17:00","2015","02","09","17:00","","10.9","","9.7","","92","","7","","9","","16.1","","100.93","","","","","","Rain"
"2015-02-09 18:00","2015","02","09","18:00","","10.6","","9.8","","95","","7","","8","","16.1","","101.02","","","","","","Rain"
"2015-02-09 19:00","2015","02","09","19:00","","10.8","","9.7","","93","","6","","9","","16.1","","101.13","","","","","","Rain"
"2015-02-09 20:00","2015","02","09","20:00","","10.5","","9.9","","96","","9","","9","","16.1","","101.20","","","","","","Rain"
"2015-02-09 21:00","2015","02","09","21:00","","10.4","","9.8","","96","","10","","10","","12.9","","101.28","","","","","","Rain"
"2015-02-09 22:00","2015","02","09","22:00","","10.3","","9.9","","97","","9","","12","","16.1","","101.36","","","","","","Rain"
"2015-02-09 23:00","2015","02","09","23:00","","10.3","","9.9","","97","","10","","12","","12.9","","101.45","","","","","","Rain"
"2015-02-10 00:00","2015","02","10","00:00","","10.2","","9.9","","98","","9","","8","","12.9","","101.54","","","","","","Rain"
"2015-02-10 01:00","2015","02","10","01:00","","10.1","","9.8","","98","","10","","7","","12.9","","101.64","","","","","","Rain"
"2015-02-10 02:00","2015","02","10","02:00","","10.2","","9.9","","98","","7","","10","","12.9","","101.70","","","","","","Rain"
"2015-02-10 03:00","2015","02","10","03:00","","10.2","","9.9","","98","","9","","9","","12.9","","101.78","","","","","","Rain"
"2015-02-10 04:00","2015","02","10","04:00","","10.4","","10.1","","98","","8","","6","","12.9","","101.81","","","","","","Drizzle"
"2015-02-10 05:00","2015","02","10","05:00","","10.2","","10.1","","99","","7","","5","","4.8","","101.90","","","","","","Rain,Fog"
"2015-02-10 06:00","2015","02","10","06:00","","9.9","","9.8","","99","","12","","8","","4.8","","101.98","","","","","","Rain,Fog"
"2015-02-10 07:00","2015","02","10","07:00","","9.6","","9.5","","99","","18","","4","","4.8","","102.06","","","","","","Drizzle,Fog"
"2015-02-10 08:00","2015","02","10","08:00","","8.7","","8.6","","99","","30","","7","","4.8","","102.14","","","","","","Drizzle,Fog"
"2015-02-10 09:00","2015","02","10","09:00","","9.6","","9.5","","99","","32","","9","","8.1","","102.21","","","","","","Fog"
"2015-02-10 10:00","2015","02","10","10:00","","9.9","","9.8","","99","","9","","9","","0.8","","102.28","","","","","","Fog"
"2015-02-10 11:00","2015","02","10","11:00","","8.0","","7.9","","99","","18","","9","","0.6","","102.36","","","","","","Fog"
"2015-02-10 12:00","2015","02","10","12:00","","9.7","","9.6","","99","","16","","8","","4.0","","102.41","","","","","","Drizzle,Fog"
"2015-02-10 13:00","2015","02","10","13:00","","11.1","","10.8","","98","","15","","11","","24.1","","102.45","","","","","","Cloudy"
"2015-02-10 14:00","2015","02","10","14:00","","11.5","","9.8","","89","","15","","11","","24.1","","102.49","","","","","","NA"
"2015-02-10 15:00","2015","02","10","15:00","","11.9","","9.7","","86","","13","","12","","24.1","","102.50","","","","","","NA"
"2015-02-10 16:00","2015","02","10","16:00","","11.4","","8.6","","83","","12","","14","","24.1","","102.54","","","","","","Cloudy"
"2015-02-10 17:00","2015","02","10","17:00","","9.8","","8.3","","90","","11","","18","","24.1","","102.50","","","","","","NA"
"2015-02-10 18:00","2015","02","10","18:00","","10.2","","8.3","","88","","12","","15","","24.1","","102.55","","","","","","NA"
"2015-02-10 19:00","2015","02","10","19:00","","10.4","","8.8","","90","","11","","16","","24.1","","102.53","","","","","","Cloudy"
"2015-02-10 20:00","2015","02","10","20:00","","10.0","","8.1","","88","","9","","12","","24.1","","102.55","","","","","","NA"
"2015-02-10 21:00","2015","02","10","21:00","","9.1","","7.6","","90","","8","","10","","24.1","","102.55","","","","","","NA"
"2015-02-10 22:00","2015","02","10","22:00","","9.4","","8.2","","92","","8","","12","","24.1","","102.49","","","","","","Cloudy"
"2015-02-10 23:00","2015","02","10","23:00","","9.5","","8.1","","91","","8","","6","","24.1","","102.48","","","","","","NA"
"2015-02-11 00:00","2015","02","11","00:00","","8.2","","7.3","","94","","8","","8","","24.1","","102.46","","","","","","NA"
"2015-02-11 01:00","2015","02","11","01:00","","8.5","","7.0","","90","","1","","8","","24.1","","102.44","","","","","","Mostly Cloudy"
"2015-02-11 02:00","2015","02","11","02:00","","6.9","","6.2","","95","","9","","7","","24.1","","102.41","","","","","","NA"
"2015-02-11 03:00","2015","02","11","03:00","","6.4","","6.0","","97","","21","","7","","24.1","","102.38","","","","","","NA"
"2015-02-11 04:00","2015","02","11","04:00","","6.4","","6.3","","99","","30","","4","","24.1","","102.31","","","","","","Mostly Cloudy"
"2015-02-11 05:00","2015","02","11","05:00","","6.8","","6.7","","99","","31","","8","","24.1","","102.37","","","","","","NA"
"2015-02-11 06:00","2015","02","11","06:00","","6.1","","6.0","","99","","36","","3","","24.1","","102.32","","","","","","NA"
"2015-02-11 07:00","2015","02","11","07:00","","7.4","","7.3","","99","","8","","10","","32.2","","102.20","","","","","","Cloudy"
"2015-02-11 08:00","2015","02","11","08:00","","7.4","","6.8","","96","","13","","7","","48.3","","102.20","","","","","","NA"
"2015-02-11 09:00","2015","02","11","09:00","","7.8","","7.2","","96","","29","","8","","48.3","","102.30","","","","","","NA"
"2015-02-11 10:00","2015","02","11","10:00","","9.2","","7.7","","90","","21","","7","","48.3","","102.30","","","","","","Cloudy"
"2015-02-11 11:00","2015","02","11","11:00","","10.1","","7.9","","86","","13","","6","","48.3","","102.28","","","","","","NA"
"2015-02-11 12:00","2015","02","11","12:00","","10.2","","8.0","","86","","5","","4","","48.3","","102.21","","","","","","NA"
"2015-02-11 13:00","2015","02","11","13:00","","9.1","","8.0","","93","","20","","13","","48.3","","102.13","","","","","","Cloudy"
"2015-02-11 14:00","2015","02","11","14:00","","8.6","","7.1","","90","","23","","23","","48.3","","102.12","","","","","","NA"
"2015-02-11 15:00","2015","02","11","15:00","","9.4","","7.9","","90","","31","","12","","48.3","","102.18","","","","","","NA"
"2015-02-11 16:00","2015","02","11","16:00","","9.6","","7.6","","87","","29","","4","","48.3","","102.17","","","","","","Cloudy"
"2015-02-11 17:00","2015","02","11","17:00","","9.0","","7.5","","90","","29","","7","","48.3","","102.14","","","","","","NA"
"2015-02-11 18:00","2015","02","11","18:00","","9.8","","7.6","","86","","9","","10","","48.3","","102.06","","","","","","NA"
"2015-02-11 19:00","2015","02","11","19:00","","9.8","","7.6","","86","","19","","8","","24.1","","102.15","","","","","","Cloudy"
"2015-02-11 20:00","2015","02","11","20:00","","8.6","","7.9","","95","","12","","5","","24.1","","102.11","","","","","","NA"
"2015-02-11 21:00","2015","02","11","21:00","","7.9","","7.3","","96","","33","","4","","32.2","","102.18","","","","","","NA"
"2015-02-11 22:00","2015","02","11","22:00","","8.2","","7.5","","95","","33","","7","","32.2","","102.20","","","","","","Cloudy"
"2015-02-11 23:00","2015","02","11","23:00","","8.0","","7.3","","95","","11","","5","","32.2","","102.25","","","","","","NA"
"2015-02-12 00:00","2015","02","12","00:00","","8.4","","7.8","","96","","3","","7","","32.2","","102.28","","","","","","NA"
"2015-02-12 01:00","2015","02","12","01:00","","8.9","","8.2","","95","","9","","11","","32.2","","102.27","","","","","","Cloudy"
"2015-02-12 02:00","2015","02","12","02:00","","8.5","","7.6","","94","","8","","7","","32.2","","102.27","","","","","","NA"
"2015-02-12 03:00","2015","02","12","03:00","","8.8","","8.1","","95","","8","","8","","32.2","","102.23","","","","","","NA"
"2015-02-12 04:00","2015","02","12","04:00","","9.0","","8.4","","96","","13","","10","","32.2","","102.21","","","","","","Cloudy"
"2015-02-12 05:00","2015","02","12","05:00","","9.1","","8.2","","94","","16","","4","","32.2","","102.23","","","","","","NA"
"2015-02-12 06:00","2015","02","12","06:00","","7.6","","7.2","","97","","31","","5","","32.2","","102.25","","","","","","Rain"
"2015-02-12 07:00","2015","02","12","07:00","","8.1","","7.8","","98","","35","","7","","24.1","","102.25","","","","","","Rain"
"2015-02-12 08:00","2015","02","12","08:00","","8.5","","8.2","","98","","8","","4","","24.1","","102.26","","","","","","Rain"
"2015-02-12 09:00","2015","02","12","09:00","","9.6","","8.8","","95","","36","","3","","24.1","","102.30","","","","","","Rain"
"2015-02-12 10:00","2015","02","12","10:00","","10.4","","8.8","","90","","1","","12","","24.1","","102.34","","","","","","Rain"
"2015-02-12 11:00","2015","02","12","11:00","","10.2","","9.1","","93","","30","","4","","24.1","","102.37","","","","","","Rain"
"2015-02-12 12:00","2015","02","12","12:00","","8.9","","8.6","","98","","10","","7","","16.1","","102.43","","","","","","Rain"
"2015-02-12 13:00","2015","02","12","13:00","","10.4","","9.3","","93","","5","","15","","11.3","","102.33","","","","","","Rain"
"2015-02-12 14:00","2015","02","12","14:00","","10.8","","9.7","","93","","5","","18","","24.1","","102.40","","","","","","Drizzle"
"2015-02-12 15:00","2015","02","12","15:00","","11.2","","9.5","","89","","4","","17","","24.1","","102.47","","","","","","NA"
"2015-02-12 16:00","2015","02","12","16:00","","10.8","","9.9","","94","","8","","14","","24.1","","102.52","","","","","","Rain"
"2015-02-12 17:00","2015","02","12","17:00","","10.6","","9.0","","90","","8","","16","","24.1","","102.50","","","","","","Rain"
"2015-02-12 18:00","2015","02","12","18:00","","10.1","","9.0","","93","","6","","13","","9.7","","102.57","","","","","","Drizzle,Fog"
"2015-02-12 19:00","2015","02","12","19:00","","10.2","","9.0","","92","","6","","14","","24.1","","102.57","","","","","","Cloudy"
"2015-02-12 20:00","2015","02","12","20:00","","10.3","","8.7","","90","","7","","13","","24.1","","102.52","","","","","","NA"
"2015-02-12 21:00","2015","02","12","21:00","","9.8","","8.6","","92","","1","","10","","24.1","","102.53","","","","","","NA"
"2015-02-12 22:00","2015","02","12","22:00","","10.1","","8.7","","91","","8","","9","","24.1","","102.49","","","","","","Cloudy"
"2015-02-12 23:00","2015","02","12","23:00","","9.8","","8.7","","93","","33","","7","","24.1","","102.49","","","","","","NA"
"2015-02-13 00:00","2015","02","13","00:00","","9.1","","8.4","","95","","18","","9","","24.1","","102.51","","","","","","NA"
"2015-02-13 01:00","2015","02","13","01:00","","9.6","","8.8","","95","","11","","8","","24.1","","102.48","","","","","","Cloudy"
"2015-02-13 02:00","2015","02","13","02:00","","8.5","","8.1","","97","","36","","3","","24.1","","102.47","","","","","","NA"
"2015-02-13 03:00","2015","02","13","03:00","","8.9","","8.6","","98","","7","","6","","24.1","","102.41","","","","","","NA"
"2015-02-13 04:00","2015","02","13","04:00","","9.3","","8.9","","97","","10","","3","","24.1","","102.34","","","","","","Cloudy"
"2015-02-13 05:00","2015","02","13","05:00","","9.1","","8.4","","95","","36","","1","","24.1","","102.28","","","","","","NA"
"2015-02-13 06:00","2015","02","13","06:00","","8.8","","8.4","","97","","32","","7","","24.1","","102.20","","","","","","NA"
"2015-02-13 07:00","2015","02","13","07:00","","9.6","","8.8","","95","","18","","5","","24.1","","102.16","","","","","","Cloudy"
"2015-02-13 08:00","2015","02","13","08:00","","7.9","","7.3","","96","","21","","8","","24.1","","102.19","","","","","","NA"
"2015-02-13 09:00","2015","02","13","09:00","","8.8","","8.2","","96","","0","","1","","32.2","","102.18","","","","","","NA"
"2015-02-13 10:00","2015","02","13","10:00","","10.1","","9.3","","95","","36","","1","","32.2","","102.18","","","","","","Rain"
"2015-02-13 11:00","2015","02","13","11:00","","11.6","","9.4","","86","","15","","5","","32.2","","102.19","","","","","","NA"
"2015-02-13 12:00","2015","02","13","12:00","","12.3","","9.9","","85","","35","","4","","32.2","","102.06","","","","","","NA"
"2015-02-13 13:00","2015","02","13","13:00","","12.0","","9.8","","86","","23","","4","","32.2","","101.99","","","","","","Cloudy"
"2015-02-13 14:00","2015","02","13","14:00","","11.7","","9.6","","87","","28","","9","","32.2","","101.89","","","","","","NA"
"2015-02-13 15:00","2015","02","13","15:00","","10.2","","9.1","","93","","28","","9","","32.2","","101.90","","","","","","Rain"
"2015-02-13 16:00","2015","02","13","16:00","","10.5","","9.6","","94","","30","","5","","32.2","","101.91","","","","","","Rain"
"2015-02-13 17:00","2015","02","13","17:00","","9.5","","8.9","","96","","30","","15","","19.3","","102.03","","","","","","Rain"
"2015-02-13 18:00","2015","02","13","18:00","","9.3","","8.9","","97","","31","","19","","24.1","","102.01","","","","","","NA"
"2015-02-13 19:00","2015","02","13","19:00","","9.0","","8.7","","98","","22","","13","","24.1","","102.07","","","","","","Cloudy"
"2015-02-13 20:00","2015","02","13","20:00","","8.8","","8.5","","98","","20","","10","","19.3","","102.09","","","","","","Rain"
"2015-02-13 21:00","2015","02","13","21:00","","9.0","","8.6","","97","","27","","24","","16.1","","102.19","","","","","","Rain"
"2015-02-13 22:00","2015","02","13","22:00","","8.5","","8.1","","97","","25","","12","","24.1","","102.19","","","","","","Cloudy"
"2015-02-13 23:00","2015","02","13","23:00","","9.3","","9.0","","98","","36","","3","","24.1","","102.27","","","","","","NA"
"2015-02-14 00:00","2015","02","14","00:00","","8.1","","7.7","","97","","23","","8","","24.1","","102.30","","","","","","NA"
"2015-02-14 01:00","2015","02","14","01:00","","8.3","","8.0","","98","","26","","18","","24.1","","102.32","","","","","","Mainly Clear"
"2015-02-14 02:00","2015","02","14","02:00","","8.5","","8.2","","98","","27","","24","","24.1","","102.36","","","","","","NA"
"2015-02-14 03:00","2015","02","14","03:00","","8.2","","7.9","","98","","27","","21","","24.1","","102.38","","","","","","NA"
"2015-02-14 04:00","2015","02","14","04:00","","8.6","","8.3","","98","","29","","18","","24.1","","102.46","","","","","","Mostly Cloudy"
"2015-02-14 05:00","2015","02","14","05:00","","8.5","","8.2","","98","","30","","15","","24.1","","102.52","","","","","","NA"
"2015-02-14 06:00","2015","02","14","06:00","","8.1","","7.8","","98","","32","","18","","1.0","","102.58","","","","","","Fog"
"2015-02-14 07:00","2015","02","14","07:00","","8.2","","8.1","","99","","32","","18","","4.8","","102.60","","","","","","Fog"
"2015-02-14 08:00","2015","02","14","08:00","","8.1","","8.0","","99","","29","","14","","4.8","","102.66","","","","","","Fog"
"2015-02-14 09:00","2015","02","14","09:00","","8.3","","8.2","","99","","29","","20","","4.8","","102.76","","","","","","Fog"
"2015-02-14 10:00","2015","02","14","10:00","","8.5","","8.2","","98","","29","","24","","8.1","","102.82","","","","","","Fog"
"2015-02-14 11:00","2015","02","14","11:00","","9.1","","8.2","","94","","29","","21","","12.9","","102.86","","","","","","NA"
"2015-02-14 12:00","2015","02","14","12:00","","8.7","","7.5","","92","","29","","22","","16.1","","102.89","","","","","","NA"
"2015-02-14 13:00","2015","02","14","13:00","","9.4","","7.9","","90","","29","","25","","16.1","","102.90","","","","","","Mostly Cloudy"
"2015-02-14 14:00","2015","02","14","14:00","","10.0","","8.0","","87","","29","","21","","19.3","","102.86","","","","","","NA"
"2015-02-14 15:00","2015","02","14","15:00","","10.0","","7.8","","86","","30","","13","","32.2","","102.89","","","","","","NA"
"2015-02-14 16:00","2015","02","14","16:00","","9.7","","7.5","","86","","29","","9","","32.2","","102.90","","","","","","Mainly Clear"
"2015-02-14 17:00","2015","02","14","17:00","","8.6","","6.2","","85","","30","","11","","24.1","","102.94","","","","","","NA"
"2015-02-14 18:00","2015","02","14","18:00","","6.7","","5.7","","93","","31","","6","","24.1","","102.95","","","","","","NA"
"2015-02-14 19:00","2015","02","14","19:00","","5.3","","4.4","","94","","1","","4","","24.1","","102.97","","","","","","Clear"
"2015-02-14 20:00","2015","02","14","20:00","","4.6","","4.2","","97","","33","","7","","24.1","","103.03","","","","","","NA"
"2015-02-14 21:00","2015","02","14","21:00","","7.2","","6.5","","95","","2","","4","","24.1","","103.08","","","","","","NA"
"2015-02-14 22:00","2015","02","14","22:00","","7.1","","6.4","","95","","30","","7","","24.1","","103.12","","","","","","Cloudy"
"2015-02-14 23:00","2015","02","14","23:00","","7.7","","7.3","","97","","31","","8","","24.1","","103.16","","","","","","NA"
"2015-02-15 00:00","2015","02","15","00:00","","7.9","","7.2","","95","","36","","2","","24.1","","103.13","","","","","","NA"
"2015-02-15 01:00","2015","02","15","01:00","","7.9","","6.9","","93","","31","","3","","24.1","","103.19","","","","","","Cloudy"
"2015-02-15 02:00","2015","02","15","02:00","","6.3","","5.7","","96","","29","","11","","24.1","","103.25","","","","","","NA"
"2015-02-15 03:00","2015","02","15","03:00","","4.8","","4.4","","97","","33","","6","","24.1","","103.20","","","","","","NA"
"2015-02-15 04:00","2015","02","15","04:00","","6.6","","6.3","","98","","36","","3","","24.1","","103.20","","","","","","Clear"
"2015-02-15 05:00","2015","02","15","05:00","","5.3","","5.0","","98","","5","","5","","0.2","","103.22","","","","","","Fog"
"2015-02-15 06:00","2015","02","15","06:00","","5.4","","5.3","","99","","9","","7","","0.6","","103.25","","","","","","Fog"
"2015-02-15 07:00","2015","02","15","07:00","","6.1","","6.0","","99","","5","","5","","0.6","","103.20","","","","","","Fog"
"2015-02-15 08:00","2015","02","15","08:00","","5.8","","5.7","","99","","9","","5","","0.4","","103.19","","","","","","Fog"
"2015-02-15 09:00","2015","02","15","09:00","","5.8","","5.7","","99","","","","0","","0.4","","103.23","","","","","","Fog"
"2015-02-15 10:00","2015","02","15","10:00","","6.2","","6.1","","99","","23","","9","","24.1","","103.19","","","","","","Mainly Clear"
"2015-02-15 11:00","2015","02","15","11:00","","8.8","","5.2","","78","","30","","21","","32.2","","103.15","","","","","","NA"
"2015-02-15 12:00","2015","02","15","12:00","","9.4","","6.2","","80","","28","","13","","32.2","","103.11","","","","","","NA"
"2015-02-15 13:00","2015","02","15","13:00","","9.6","","7.1","","84","","29","","24","","32.2","","103.01","","","","","","Mainly Clear"
"2015-02-15 14:00","2015","02","15","14:00","","9.2","","7.0","","86","","29","","25","","48.3","","102.93","","","","","","NA"
"2015-02-15 15:00","2015","02","15","15:00","","9.1","","7.1","","87","","29","","22","","48.3","","102.88","","","","","","NA"
"2015-02-15 16:00","2015","02","15","16:00","","8.6","","6.9","","89","","30","","23","","48.3","","102.83","","","","","","Mainly Clear"
"2015-02-15 17:00","2015","02","15","17:00","","7.7","","6.7","","93","","30","","17","","48.3","","102.79","","","","","","NA"
"2015-02-15 18:00","2015","02","15","18:00","","7.3","","6.6","","95","","30","","23","","48.3","","102.82","","","","","","NA"
"2015-02-15 19:00","2015","02","15","19:00","","7.1","","6.2","","94","","30","","19","","32.2","","102.78","","","","","","Clear"
"2015-02-15 20:00","2015","02","15","20:00","","5.2","","4.6","","96","","33","","7","","32.2","","102.78","","","","","","NA"
"2015-02-15 21:00","2015","02","15","21:00","","5.6","","5.3","","98","","31","","13","","32.2","","102.78","","","","","","NA"
"2015-02-15 22:00","2015","02","15","22:00","","4.9","","4.5","","97","","32","","12","","32.2","","102.82","","","","","","Clear"
"2015-02-15 23:00","2015","02","15","23:00","","6.2","","5.6","","96","","31","","17","","32.2","","102.81","","","","","","NA"
"2015-02-16 00:00","2015","02","16","00:00","","3.5","","2.8","","95","","33","","3","","24.1","","102.84","","","","","","NA"
"2015-02-16 01:00","2015","02","16","01:00","","3.7","","3.1","","96","","7","","9","","24.1","","102.86","","","","","","Clear"
"2015-02-16 02:00","2015","02","16","02:00","","4.0","","3.6","","97","","2","","4","","24.1","","102.88","","","","","","NA"
"2015-02-16 03:00","2015","02","16","03:00","","2.2","","1.8","","97","","32","","8","","24.1","","102.88","","","","","","NA"
"2015-02-16 04:00","2015","02","16","04:00","","4.9","","4.2","","95","","32","","4","","24.1","","102.91","","","","","","Clear"
"2015-02-16 05:00","2015","02","16","05:00","","2.4","","2.1","","98","","7","","4","","24.1","","102.88","","","","","","NA"
"2015-02-16 06:00","2015","02","16","06:00","","1.7","","1.3","","97","","36","","3","","48.3","","102.88","","","","","","NA"
"2015-02-16 07:00","2015","02","16","07:00","","1.5","","1.1","","97","","1","","4","","48.3","","102.84","","","","","","Mainly Clear"
"2015-02-16 08:00","2015","02","16","08:00","","3.0","","2.1","","94","","34","","7","","48.3","","102.83","","","","","","NA"
"2015-02-16 09:00","2015","02","16","09:00","","7.2","","4.2","","81","","33","","9","","48.3","","102.82","","","","","","NA"
"2015-02-16 10:00","2015","02","16","10:00","","7.9","","6.1","","88","","29","","14","","48.3","","102.84","","","","","","Mostly Cloudy"
"2015-02-16 11:00","2015","02","16","11:00","","7.9","","6.1","","88","","28","","13","","48.3","","102.83","","","","","","NA"
"2015-02-16 12:00","2015","02","16","12:00","","8.3","","6.9","","91","","29","","24","","48.3","","102.85","","","","","","NA"
"2015-02-16 13:00","2015","02","16","13:00","","8.6","","6.9","","89","","30","","18","","48.3","","102.78","","","","","","Mostly Cloudy"
"2015-02-16 14:00","2015","02","16","14:00","","8.9","","6.9","","87","","31","","19","","48.3","","102.73","","","","","","NA"
"2015-02-16 15:00","2015","02","16","15:00","","8.2","","6.7","","90","","31","","25","","48.3","","102.70","","","","","","NA"
"2015-02-16 16:00","2015","02","16","16:00","","8.0","","6.8","","92","","31","","18","","48.3","","102.69","","","","","","Mostly Cloudy"
"2015-02-16 17:00","2015","02","16","17:00","","7.6","","6.6","","93","","31","","17","","48.3","","102.65","","","","","","NA"
"2015-02-16 18:00","2015","02","16","18:00","","6.6","","5.9","","95","","30","","16","","48.3","","102.62","","","","","","NA"
"2015-02-16 19:00","2015","02","16","19:00","","5.9","","5.3","","96","","32","","10","","32.2","","102.59","","","","","","Mainly Clear"
"2015-02-16 20:00","2015","02","16","20:00","","5.2","","4.9","","98","","29","","13","","32.2","","102.60","","","","","","NA"
"2015-02-16 21:00","2015","02","16","21:00","","4.2","","3.8","","97","","31","","5","","32.2","","102.59","","","","","","NA"
"2015-02-16 22:00","2015","02","16","22:00","","5.9","","5.5","","97","","36","","3","","32.2","","102.59","","","","","","Clear"
"2015-02-16 23:00","2015","02","16","23:00","","2.7","","2.3","","97","","35","","9","","32.2","","102.58","","","","","","NA"
"2015-02-17 00:00","2015","02","17","00:00","","3.7","","3.3","","97","","34","","4","","32.2","","102.54","","","","","","NA"
"2015-02-17 01:00","2015","02","17","01:00","","4.1","","2.8","","91","","1","","5","","24.1","","102.52","","","","","","Clear"
"2015-02-17 02:00","2015","02","17","02:00","","4.3","","3.9","","97","","36","","3","","24.1","","102.52","","","","","","NA"
"2015-02-17 03:00","2015","02","17","03:00","","2.0","","1.4","","96","","9","","7","","24.1","","102.48","","","","","","NA"
"2015-02-17 04:00","2015","02","17","04:00","","1.6","","1.0","","96","","12","","4","","24.1","","102.45","","","","","","Clear"
"2015-02-17 05:00","2015","02","17","05:00","","1.3","","0.4","","94","","1","","7","","24.1","","102.44","","","","","","NA"
"2015-02-17 06:00","2015","02","17","06:00","","0.2","","-0.7","","94","","36","","8","","24.1","","102.43","","","","","","NA"
"2015-02-17 07:00","2015","02","17","07:00","","2.6","","1.4","","92","","15","","5","","48.3","","102.38","","","","","","Mainly Clear"
"2015-02-17 08:00","2015","02","17","08:00","","1.1","","0.2","","94","","1","","6","","48.3","","102.39","","","","","","NA"
"2015-02-17 09:00","2015","02","17","09:00","","5.1","","3.6","","90","","32","","4","","48.3","","102.39","","","","","","NA"
"2015-02-17 10:00","2015","02","17","10:00","","6.8","","5.6","","92","","30","","17","","48.3","","102.36","","","","","","Mainly Clear"
"2015-02-17 11:00","2015","02","17","11:00","","8.4","","6.7","","89","","28","","15","","48.3","","102.36","","","","","","NA"
"2015-02-17 12:00","2015","02","17","12:00","","8.3","","6.4","","88","","27","","14","","48.3","","102.34","","","","","","NA"
"2015-02-17 13:00","2015","02","17","13:00","","8.5","","6.5","","87","","28","","12","","48.3","","102.27","","","","","","Mainly Clear"
"2015-02-17 14:00","2015","02","17","14:00","","8.3","","6.1","","86","","26","","14","","40.2","","102.20","","","","","","NA"
"2015-02-17 15:00","2015","02","17","15:00","","8.1","","6.2","","88","","29","","12","","48.3","","102.14","","","","","","NA"
"2015-02-17 16:00","2015","02","17","16:00","","8.6","","6.2","","85","","28","","10","","48.3","","102.09","","","","","","Mainly Clear"
"2015-02-17 17:00","2015","02","17","17:00","","7.5","","6.0","","90","","29","","7","","48.3","","102.06","","","","","","NA"
"2015-02-17 18:00","2015","02","17","18:00","","5.0","","4.0","","93","","33","","8","","48.3","","102.00","","","","","","NA"
"2015-02-17 19:00","2015","02","17","19:00","","5.2","","4.5","","95","","31","","5","","32.2","","101.99","","","","","","Clear"
"2015-02-17 20:00","2015","02","17","20:00","","5.3","","4.0","","91","","34","","5","","32.2","","101.97","","","","","","NA"
"2015-02-17 21:00","2015","02","17","21:00","","5.9","","4.6","","91","","27","","4","","32.2","","101.98","","","","","","NA"
"2015-02-17 22:00","2015","02","17","22:00","","5.1","","3.8","","91","","","","0","","32.2","","101.99","","","","","","Cloudy"
"2015-02-17 23:00","2015","02","17","23:00","","4.8","","3.9","","94","","14","","3","","32.2","","102.01","","","","","","NA"
"2015-02-18 00:00","2015","02","18","00:00","","5.1","","4.7","","97","","15","","5","","32.2","","102.01","","","","","","NA"
"2015-02-18 01:00","2015","02","18","01:00","","3.0","","2.4","","96","","3","","7","","32.2","","102.06","","","","","","Mainly Clear"
"2015-02-18 02:00","2015","02","18","02:00","","3.9","","1.9","","87","","8","","10","","32.2","","102.02","","","","","","NA"
"2015-02-18 03:00","2015","02","18","03:00","","2.8","","1.3","","90","","9","","13","","32.2","","101.99","","","","","","NA"
"2015-02-18 04:00","2015","02","18","04:00","","4.3","","2.2","","86","","10","","10","","32.2","","101.97","","","","","","Cloudy"
"2015-02-18 05:00","2015","02","18","05:00","","4.3","","2.7","","89","","19","","3","","32.2","","102.02","","","","","","NA"
"2015-02-18 06:00","2015","02","18","06:00","","3.2","","1.6","","89","","36","","1","","32.2","","102.04","","","","","","NA"
"2015-02-18 07:00","2015","02","18","07:00","","4.4","","2.4","","87","","10","","7","","32.2","","102.10","","","","","","Mostly Cloudy"
"2015-02-18 08:00","2015","02","18","08:00","","5.6","","3.3","","85","","9","","11","","48.3","","102.08","","","","","","NA"
"2015-02-18 09:00","2015","02","18","09:00","","5.6","","3.3","","85","","11","","11","","48.3","","102.14","","","","","","NA"
"2015-02-18 10:00","2015","02","18","10:00","","8.7","","4.0","","72","","10","","16","","48.3","","102.15","","","","","","Mainly Clear"
"2015-02-18 11:00","2015","02","18","11:00","","10.3","","3.8","","64","","8","","14","","48.3","","102.23","","","","","","NA"
"2015-02-18 12:00","2015","02","18","12:00","","11.5","","4.5","","62","","7","","14","","48.3","","102.24","","","","","","NA"
"2015-02-18 13:00","2015","02","18","13:00","","10.7","","5.1","","68","","9","","16","","48.3","","102.26","","","","","","Mostly Cloudy"
"2015-02-18 14:00","2015","02","18","14:00","","11.8","","5.9","","67","","11","","17","","48.3","","102.22","","","","","","NA"
"2015-02-18 15:00","2015","02","18","15:00","","10.8","","5.8","","71","","13","","16","","48.3","","102.26","","","","","","NA"
"2015-02-18 16:00","2015","02","18","16:00","","10.7","","5.7","","71","","11","","12","","32.2","","102.30","","","","","","Cloudy"
"2015-02-18 17:00","2015","02","18","17:00","","10.4","","6.8","","78","","7","","13","","32.2","","102.30","","","","","","NA"
"2015-02-18 18:00","2015","02","18","18:00","","10.2","","6.8","","79","","7","","11","","24.1","","102.33","","","","","","NA"
"2015-02-18 19:00","2015","02","18","19:00","","9.3","","6.9","","85","","9","","14","","24.1","","102.32","","","","","","Rain"
"2015-02-18 20:00","2015","02","18","20:00","","9.0","","6.5","","84","","6","","9","","24.1","","102.34","","","","","","NA"
"2015-02-18 21:00","2015","02","18","21:00","","9.4","","7.2","","86","","9","","13","","24.1","","102.38","","","","","","NA"
"2015-02-18 22:00","2015","02","18","22:00","","9.6","","6.9","","83","","10","","16","","24.1","","102.40","","","","","","Cloudy"
"2015-02-18 23:00","2015","02","18","23:00","","7.3","","5.8","","90","","10","","10","","24.1","","102.40","","","","","","NA"
"2015-02-19 00:00","2015","02","19","00:00","","8.1","","6.9","","92","","9","","12","","24.1","","102.41","","","","","","NA"
"2015-02-19 01:00","2015","02","19","01:00","","8.0","","6.6","","91","","9","","12","","24.1","","102.41","","","","","","Mostly Cloudy"
"2015-02-19 02:00","2015","02","19","02:00","","8.0","","6.8","","92","","9","","9","","24.1","","102.42","","","","","","NA"
"2015-02-19 03:00","2015","02","19","03:00","","7.3","","6.4","","94","","9","","7","","24.1","","102.40","","","","","","NA"
"2015-02-19 04:00","2015","02","19","04:00","","7.1","","6.4","","95","","10","","10","","24.1","","102.38","","","","","","Cloudy"
"2015-02-19 05:00","2015","02","19","05:00","","6.4","","5.7","","95","","11","","12","","24.1","","102.37","","","","","","NA"
"2015-02-19 06:00","2015","02","19","06:00","","6.2","","5.8","","97","","11","","10","","24.1","","102.37","","","","","","NA"
"2015-02-19 07:00","2015","02","19","07:00","","7.3","","6.7","","96","","10","","12","","24.1","","102.36","","","","","","Cloudy"
"2015-02-19 08:00","2015","02","19","08:00","","7.7","","7.0","","95","","10","","9","","24.1","","102.38","","","","","","NA"
"2015-02-19 09:00","2015","02","19","09:00","","8.9","","7.8","","93","","10","","11","","24.1","","102.36","","","","","","NA"
"2015-02-19 10:00","2015","02","19","10:00","","9.0","","7.8","","92","","10","","10","","24.1","","102.39","","","","","","Cloudy"
"2015-02-19 11:00","2015","02","19","11:00","","9.4","","7.7","","89","","10","","9","","24.1","","102.42","","","","","","NA"
"2015-02-19 12:00","2015","02","19","12:00","","9.8","","7.8","","87","","10","","7","","24.1","","102.42","","","","","","NA"
"2015-02-19 13:00","2015","02","19","13:00","","10.2","","8.0","","86","","11","","8","","24.1","","102.35","","","","","","Cloudy"
"2015-02-19 14:00","2015","02","19","14:00","","10.8","","7.9","","82","","13","","9","","24.1","","102.30","","","","","","NA"
"2015-02-19 15:00","2015","02","19","15:00","","10.3","","8.1","","86","","22","","9","","24.1","","102.28","","","","","","NA"
"2015-02-19 16:00","2015","02","19","16:00","","9.6","","8.2","","91","","21","","13","","24.1","","102.27","","","","","","Cloudy"
"2015-02-19 17:00","2015","02","19","17:00","","9.2","","8.1","","93","","18","","8","","24.1","","102.28","","","","","","NA"
"2015-02-19 18:00","2015","02","19","18:00","","9.3","","8.2","","93","","15","","4","","24.1","","102.31","","","","","","NA"
"2015-02-19 19:00","2015","02","19","19:00","","9.0","","8.1","","94","","16","","6","","24.1","","102.32","","","","","","Cloudy"
"2015-02-19 20:00","2015","02","19","20:00","","8.8","","8.1","","95","","17","","4","","24.1","","102.31","","","","","","NA"
"2015-02-19 21:00","2015","02","19","21:00","","8.7","","8.0","","95","","21","","3","","24.1","","102.33","","","","","","NA"
"2015-02-19 22:00","2015","02","19","22:00","","7.9","","7.6","","98","","25","","5","","24.1","","102.36","","","","","","Cloudy"
"2015-02-19 23:00","2015","02","19","23:00","","6.7","","6.3","","97","","25","","9","","24.1","","102.36","","","","","","NA"
"2015-02-20 00:00","2015","02","20","00:00","","7.4","","7.1","","98","","36","","1","","24.1","","102.37","","","","","","NA"
"2015-02-20 01:00","2015","02","20","01:00","","7.7","","7.4","","98","","30","","13","","24.1","","102.42","","","","","","Cloudy"
"2015-02-20 02:00","2015","02","20","02:00","","7.2","","6.9","","98","","22","","8","","24.1","","102.42","","","","","","NA"
"2015-02-20 03:00","2015","02","20","03:00","","7.7","","7.3","","97","","27","","15","","24.1","","102.46","","","","","","NA"
"2015-02-20 04:00","2015","02","20","04:00","","7.5","","6.9","","96","","30","","10","","24.1","","102.43","","","","","","Cloudy"
"2015-02-20 05:00","2015","02","20","05:00","","7.8","","7.2","","96","","29","","8","","24.1","","102.42","","","","","","NA"
"2015-02-20 06:00","2015","02","20","06:00","","7.0","","6.3","","95","","27","","15","","24.1","","102.41","","","","","","NA"
"2015-02-20 07:00","2015","02","20","07:00","","7.8","","6.9","","94","","28","","16","","24.1","","102.44","","","","","","Cloudy"
"2015-02-20 08:00","2015","02","20","08:00","","7.7","","6.7","","93","","30","","15","","32.2","","102.48","","","","","","NA"
"2015-02-20 09:00","2015","02","20","09:00","","9.1","","6.9","","86","","29","","13","","32.2","","102.49","","","","","","NA"
"2015-02-20 10:00","2015","02","20","10:00","","8.9","","6.4","","84","","30","","21","","32.2","","102.52","","","","","","Mostly Cloudy"
"2015-02-20 11:00","2015","02","20","11:00","","9.5","","6.6","","82","","32","","24","","32.2","","102.51","","","","","","NA"
"2015-02-20 12:00","2015","02","20","12:00","","9.5","","6.2","","80","","32","","28","","32.2","","102.50","","","","","","NA"
"2015-02-20 13:00","2015","02","20","13:00","","9.2","","6.1","","81","","30","","27","","48.3","","102.46","","","","","","Mostly Cloudy"
"2015-02-20 14:00","2015","02","20","14:00","","8.8","","5.9","","82","","29","","21","","48.3","","102.49","","","","","","NA"
"2015-02-20 15:00","2015","02","20","15:00","","8.6","","5.9","","83","","29","","20","","48.3","","102.46","","","","","","NA"
"2015-02-20 16:00","2015","02","20","16:00","","8.3","","5.9","","85","","29","","14","","48.3","","102.44","","","","","","Mostly Cloudy"
"2015-02-20 17:00","2015","02","20","17:00","","8.2","","5.2","","81","","30","","15","","48.3","","102.43","","","","","","NA"
"2015-02-20 18:00","2015","02","20","18:00","","6.6","","4.3","","85","","27","","13","","48.3","","102.43","","","","","","NA"
"2015-02-20 19:00","2015","02","20","19:00","","6.6","","4.6","","87","","26","","13","","48.3","","102.42","","","","","","Mainly Clear"
"2015-02-20 20:00","2015","02","20","20:00","","5.5","","4.2","","91","","29","","10","","48.3","","102.46","","","","","","NA"
"2015-02-20 21:00","2015","02","20","21:00","","5.0","","4.1","","94","","28","","10","","48.3","","102.48","","","","","","NA"
"2015-02-20 22:00","2015","02","20","22:00","","6.0","","4.5","","90","","35","","5","","48.3","","102.51","","","","","","Clear"
"2015-02-20 23:00","2015","02","20","23:00","","5.9","","4.9","","93","","26","","8","","32.2","","102.50","","","","","","NA"
"2015-02-21 00:00","2015","02","21","00:00","","3.9","","3.3","","96","","8","","7","","32.2","","102.50","","","","","","NA"
"2015-02-21 01:00","2015","02","21","01:00","","2.7","","2.3","","97","","34","","7","","24.1","","102.56","","","","","","Mainly Clear"
"2015-02-21 02:00","2015","02","21","02:00","","4.8","","4.5","","98","","36","","4","","32.2","","102.61","","","","","","NA"
"2015-02-21 03:00","2015","02","21","03:00","","3.2","","2.9","","98","","1","","4","","32.2","","102.63","","","","","","NA"
"2015-02-21 04:00","2015","02","21","04:00","","1.0","","0.7","","98","","31","","13","","32.2","","102.64","","","","","","Mainly Clear"
"2015-02-21 05:00","2015","02","21","05:00","","4.3","","4.2","","99","","30","","21","","32.2","","102.68","","","","","","NA"
"2015-02-21 06:00","2015","02","21","06:00","","5.5","","4.9","","96","","30","","25","","32.2","","102.70","","","","","","NA"
"2015-02-21 07:00","2015","02","21","07:00","","5.4","","4.7","","95","","30","","21","","32.2","","102.73","","","","","","Mainly Clear"
"2015-02-21 08:00","2015","02","21","08:00","","5.7","","5.0","","95","","31","","18","","48.3","","102.79","","","","","","NA"
"2015-02-21 09:00","2015","02","21","09:00","","6.8","","5.0","","88","","30","","21","","48.3","","102.86","","","","","","NA"
"2015-02-21 10:00","2015","02","21","10:00","","7.2","","5.7","","90","","30","","21","","48.3","","102.92","","","","","","Mainly Clear"
"2015-02-21 11:00","2015","02","21","11:00","","8.0","","6.0","","87","","30","","24","","48.3","","102.97","","","","","","NA"
"2015-02-21 12:00","2015","02","21","12:00","","8.7","","6.3","","85","","30","","23","","48.3","","102.99","","","","","","NA"
"2015-02-21 13:00","2015","02","21","13:00","","8.9","","6.0","","82","","30","","20","","48.3","","102.97","","","","","","Mainly Clear"
"2015-02-21 14:00","2015","02","21","14:00","","9.5","","6.8","","83","","30","","16","","48.3","","102.97","","","","","","NA"
"2015-02-21 15:00","2015","02","21","15:00","","9.4","","6.5","","82","","29","","17","","48.3","","102.96","","","","","","NA"
"2015-02-21 16:00","2015","02","21","16:00","","9.5","","5.5","","76","","31","","16","","48.3","","102.94","","","","","","Mainly Clear"
"2015-02-21 17:00","2015","02","21","17:00","","8.5","","6.3","","86","","30","","8","","48.3","","102.94","","","","","","NA"
"2015-02-21 18:00","2015","02","21","18:00","","5.1","","4.2","","94","","30","","10","","48.3","","102.97","","","","","","NA"
"2015-02-21 19:00","2015","02","21","19:00","","6.5","","5.9","","96","","30","","7","","48.3","","103.00","","","","","","Clear"
"2015-02-21 20:00","2015","02","21","20:00","","3.7","","2.4","","91","","35","","3","","48.3","","103.07","","","","","","NA"
"2015-02-21 21:00","2015","02","21","21:00","","5.6","","4.3","","91","","15","","4","","48.3","","103.12","","","","","","NA"
"2015-02-21 22:00","2015","02","21","22:00","","6.2","","0.5","","67","","6","","5","","48.3","","103.16","","","","","","Clear"
"2015-02-21 23:00","2015","02","21","23:00","","5.8","","0.6","","69","","9","","7","","32.2","","103.17","","","","","","NA"
"2015-02-22 00:00","2015","02","22","00:00","","3.7","","0.2","","78","","33","","5","","32.2","","103.22","","","","","","NA"
"2015-02-22 01:00","2015","02","22","01:00","","3.8","","-0.4","","74","","2","","3","","32.2","","103.24","","","","","","Clear"
"2015-02-22 02:00","2015","02","22","02:00","","2.3","","-1.3","","77","","3","","10","","32.2","","103.22","","","","","","NA"
"2015-02-22 03:00","2015","02","22","03:00","","3.5","","0.7","","82","","36","","1","","32.2","","103.23","","","","","","NA"
"2015-02-22 04:00","2015","02","22","04:00","","0.9","","-1.2","","86","","36","","14","","32.2","","103.19","","","","","","Clear"
"2015-02-22 05:00","2015","02","22","05:00","","0.9","","-1.2","","86","","18","","8","","32.2","","103.22","","","","","","NA"
"2015-02-22 06:00","2015","02","22","06:00","","1.0","","-0.9","","87","","2","","4","","32.2","","103.19","","","","","","NA"
"2015-02-22 07:00","2015","02","22","07:00","","2.2","","-0.6","","82","","36","","2","","48.3","","103.15","","","","","","Mostly Cloudy"
"2015-02-22 08:00","2015","02","22","08:00","","2.1","","-1.0","","80","","8","","8","","48.3","","103.16","","","","","","NA"
"2015-02-22 09:00","2015","02","22","09:00","","2.9","","0.3","","83","","10","","12","","48.3","","103.16","","","","","","NA"
"2015-02-22 10:00","2015","02","22","10:00","","6.0","","1.7","","74","","11","","6","","48.3","","103.14","","","","","","Mostly Cloudy"
"2015-02-22 11:00","2015","02","22","11:00","","6.8","","2.7","","75","","25","","8","","48.3","","103.12","","","","","","NA"
"2015-02-22 12:00","2015","02","22","12:00","","7.4","","2.3","","70","","28","","11","","48.3","","103.10","","","","","","NA"
"2015-02-22 13:00","2015","02","22","13:00","","7.7","","4.7","","81","","30","","13","","48.3","","103.00","","","","","","Mostly Cloudy"
"2015-02-22 14:00","2015","02","22","14:00","","8.7","","5.5","","80","","29","","10","","48.3","","102.97","","","","","","NA"
"2015-02-22 15:00","2015","02","22","15:00","","8.3","","5.4","","82","","26","","7","","48.3","","102.96","","","","","","NA"
"2015-02-22 16:00","2015","02","22","16:00","","8.0","","6.0","","87","","29","","7","","48.3","","102.94","","","","","","Mostly Cloudy"
"2015-02-22 17:00","2015","02","22","17:00","","8.1","","5.9","","86","","29","","7","","48.3","","102.91","","","","","","NA"
"2015-02-22 18:00","2015","02","22","18:00","","6.4","","5.4","","93","","26","","6","","48.3","","102.93","","","","","","NA"
"2015-02-22 19:00","2015","02","22","19:00","","5.6","","4.9","","95","","29","","5","","32.2","","102.95","","","","","","Mainly Clear"
"2015-02-22 20:00","2015","02","22","20:00","","5.4","","5.0","","97","","36","","1","","32.2","","102.94","","","","","","NA"
"2015-02-22 21:00","2015","02","22","21:00","","3.2","","2.9","","98","","36","","1","","32.2","","102.95","","","","","","NA"
"2015-02-22 22:00","2015","02","22","22:00","","3.4","","3.1","","98","","36","","1","","32.2","","102.95","","","","","","Clear"
"2015-02-22 23:00","2015","02","22","23:00","","2.8","","2.1","","95","","10","","9","","32.2","","102.95","","","","","","NA"
"2015-02-23 00:00","2015","02","23","00:00","","3.0","","2.6","","97","","36","","1","","32.2","","102.94","","","","","","NA"
"2015-02-23 01:00","2015","02","23","01:00","","1.0","","0.4","","96","","32","","3","","32.2","","102.97","","","","","","Clear"
"2015-02-23 02:00","2015","02","23","02:00","","1.4","","0.4","","93","","36","","2","","32.2","","102.97","","","","","","NA"
"2015-02-23 03:00","2015","02","23","03:00","","1.0","","-0.6","","89","","36","","1","","32.2","","102.97","","","","","","NA"
"2015-02-23 04:00","2015","02","23","04:00","","1.9","","0.7","","92","","8","","9","","32.2","","102.99","","","","","","Clear"
"2015-02-23 05:00","2015","02","23","05:00","","1.6","","0.1","","90","","9","","7","","32.2","","103.00","","","","","","NA"
"2015-02-23 06:00","2015","02","23","06:00","","0.3","","-0.7","","93","","10","","4","","32.2","","102.99","","","","","","NA"
"2015-02-23 07:00","2015","02","23","07:00","","2.0","","0.4","","89","","9","","7","","32.2","","103.02","","","","","","Mainly Clear"
"2015-02-23 08:00","2015","02","23","08:00","","1.5","","0.0","","90","","36","","2","","32.2","","103.06","","","","","","NA"
"2015-02-23 09:00","2015","02","23","09:00","","5.0","","1.5","","78","","36","","1","","32.2","","103.09","","","","","","NA"
"2015-02-23 10:00","2015","02","23","10:00","","6.4","","2.5","","76","","22","","5","","32.2","","103.10","","","","","","Mainly Clear"
"2015-02-23 11:00","2015","02","23","11:00","","7.1","","3.0","","75","","23","","7","","48.3","","103.08","","","","","","NA"
"2015-02-23 12:00","2015","02","23","12:00","","8.0","","3.7","","74","","27","","7","","48.3","","103.05","","","","","","NA"
"2015-02-23 13:00","2015","02","23","13:00","","8.1","","3.0","","70","","23","","13","","48.3","","103.00","","","","","","Clear"
"2015-02-23 14:00","2015","02","23","14:00","","8.2","","3.9","","74","","24","","11","","48.3","","102.97","","","","","","NA"
"2015-02-23 15:00","2015","02","23","15:00","","8.8","","4.3","","73","","27","","6","","48.3","","102.94","","","","","","NA"
"2015-02-23 16:00","2015","02","23","16:00","","8.6","","3.5","","70","","24","","7","","48.3","","102.92","","","","","","Mainly Clear"
"2015-02-23 17:00","2015","02","23","17:00","","8.1","","4.0","","75","","29","","5","","48.3","","102.87","","","","","","NA"
"2015-02-23 18:00","2015","02","23","18:00","","5.7","","2.7","","81","","27","","3","","48.3","","102.85","","","","","","NA"
"2015-02-23 19:00","2015","02","23","19:00","","5.3","","4.1","","92","","26","","6","","48.3","","102.88","","","","","","Mainly Clear"
"2015-02-23 20:00","2015","02","23","20:00","","4.8","","4.1","","95","","33","","6","","48.3","","102.87","","","","","","NA"
"2015-02-23 21:00","2015","02","23","21:00","","3.4","","2.1","","91","","33","","5","","48.3","","102.92","","","","","","NA"
"2015-02-23 22:00","2015","02","23","22:00","","3.7","","1.9","","88","","11","","3","","48.3","","102.92","","","","","","Mostly Cloudy"
"2015-02-23 23:00","2015","02","23","23:00","","4.4","","1.8","","83","","0","","1","","32.2","","102.95","","","","","","NA"
"2015-02-24 00:00","2015","02","24","00:00","","4.8","","2.5","","85","","8","","6","","32.2","","102.92","","","","","","NA"
"2015-02-24 01:00","2015","02","24","01:00","","4.2","","1.9","","85","","1","","8","","32.2","","102.91","","","","","","Cloudy"
"2015-02-24 02:00","2015","02","24","02:00","","5.1","","2.1","","81","","7","","8","","32.2","","102.88","","","","","","NA"
"2015-02-24 03:00","2015","02","24","03:00","","3.7","","1.9","","88","","36","","2","","32.2","","102.86","","","","","","NA"
"2015-02-24 04:00","2015","02","24","04:00","","1.7","","0.2","","90","","10","","10","","32.2","","102.80","","","","","","Mostly Cloudy"
"2015-02-24 05:00","2015","02","24","05:00","","1.3","","-0.2","","90","","7","","6","","32.2","","102.79","","","","","","NA"
"2015-02-24 06:00","2015","02","24","06:00","","1.9","","0.7","","92","","10","","4","","32.2","","102.76","","","","","","NA"
"2015-02-24 07:00","2015","02","24","07:00","","1.4","","-0.1","","90","","36","","2","","48.3","","102.79","","","","","","Cloudy"
"2015-02-24 08:00","2015","02","24","08:00","","1.0","","0.3","","95","","36","","3","","48.3","","102.82","","","","","","NA"
"2015-02-24 09:00","2015","02","24","09:00","","5.3","","2.8","","84","","8","","5","","48.3","","102.79","","","","","","NA"
"2015-02-24 10:00","2015","02","24","10:00","","6.4","","3.6","","82","","9","","7","","48.3","","102.77","","","","","","Cloudy"
"2015-02-24 11:00","2015","02","24","11:00","","7.7","","4.8","","82","","15","","7","","40.2","","102.79","","","","","","NA"
"2015-02-24 12:00","2015","02","24","12:00","","8.6","","5.4","","80","","23","","6","","32.2","","102.78","","","","","","NA"
"2015-02-24 13:00","2015","02","24","13:00","","7.9","","5.4","","84","","24","","13","","32.2","","102.71","","","","","","Mostly Cloudy"
"2015-02-24 14:00","2015","02","24","14:00","","8.4","","5.4","","81","","26","","10","","32.2","","102.69","","","","","","NA"
"2015-02-24 15:00","2015","02","24","15:00","","8.1","","5.2","","82","","24","","10","","32.2","","102.69","","","","","","NA"
"2015-02-24 16:00","2015","02","24","16:00","","8.2","","5.3","","82","","23","","9","","32.2","","102.65","","","","","","Mainly Clear"
"2015-02-24 17:00","2015","02","24","17:00","","8.1","","5.4","","83","","21","","7","","32.2","","102.62","","","","","","NA"
"2015-02-24 18:00","2015","02","24","18:00","","6.5","","5.3","","92","","18","","9","","32.2","","102.67","","","","","","NA"
"2015-02-24 19:00","2015","02","24","19:00","","5.7","","4.2","","90","","10","","11","","32.2","","102.68","","","","","","Mainly Clear"
"2015-02-24 20:00","2015","02","24","20:00","","5.3","","3.8","","90","","8","","6","","32.2","","102.73","","","","","","NA"
"2015-02-24 21:00","2015","02","24","21:00","","4.8","","3.3","","90","","7","","10","","32.2","","102.76","","","","","","NA"
"2015-02-24 22:00","2015","02","24","22:00","","3.5","","2.2","","91","","9","","12","","32.2","","102.80","","","","","","Clear"
"2015-02-24 23:00","2015","02","24","23:00","","5.5","","3.7","","88","","6","","11","","32.2","","102.81","","","","","","NA"
"2015-02-25 00:00","2015","02","25","00:00","","3.7","","1.9","","88","","9","","8","","32.2","","102.85","","","","","","NA"
"2015-02-25 01:00","2015","02","25","01:00","","4.8","","2.8","","87","","8","","8","","24.1","","102.90","","","","","","Mostly Cloudy"
"2015-02-25 02:00","2015","02","25","02:00","","4.4","","3.1","","91","","36","","1","","24.1","","102.92","","","","","","NA"
"2015-02-25 03:00","2015","02","25","03:00","","4.8","","3.6","","92","","34","","5","","24.1","","102.93","","","","","","NA"
"2015-02-25 04:00","2015","02","25","04:00","","4.5","","3.5","","93","","10","","4","","24.1","","102.97","","","","","","Mostly Cloudy"
"2015-02-25 05:00","2015","02","25","05:00","","5.5","","3.7","","88","","9","","8","","24.1","","102.96","","","","","","NA"
"2015-02-25 06:00","2015","02","25","06:00","","5.5","","3.4","","86","","10","","4","","24.1","","102.94","","","","","","NA"
"2015-02-25 07:00","2015","02","25","07:00","","5.3","","3.5","","88","","32","","5","","24.1","","102.95","","","","","","Cloudy"
"2015-02-25 08:00","2015","02","25","08:00","","5.0","","4.1","","94","","34","","4","","24.1","","102.98","","","","","","NA"
"2015-02-25 09:00","2015","02","25","09:00","","6.9","","4.4","","84","","7","","6","","24.1","","102.96","","","","","","NA"
"2015-02-25 10:00","2015","02","25","10:00","","7.6","","4.6","","81","","9","","12","","24.1","","102.94","","","","","","Cloudy"
"2015-02-25 11:00","2015","02","25","11:00","","7.9","","5.4","","84","","11","","11","","24.1","","102.93","","","","","","NA"
"2015-02-25 12:00","2015","02","25","12:00","","7.8","","5.1","","83","","13","","10","","24.1","","102.89","","","","","","NA"
"2015-02-25 13:00","2015","02","25","13:00","","8.0","","5.5","","84","","9","","11","","24.1","","102.82","","","","","","Cloudy"
"2015-02-25 14:00","2015","02","25","14:00","","8.2","","5.5","","83","","12","","8","","19.3","","102.80","","","","","","Rain"
"2015-02-25 15:00","2015","02","25","15:00","","7.9","","6.1","","88","","7","","6","","16.1","","102.77","","","","","","Rain"
"2015-02-25 16:00","2015","02","25","16:00","","8.0","","6.6","","91","","9","","8","","16.1","","102.70","","","","","","Rain"
"2015-02-25 17:00","2015","02","25","17:00","","7.8","","6.4","","91","","12","","8","","19.3","","102.65","","","","","","Rain"
"2015-02-25 18:00","2015","02","25","18:00","","7.5","","6.3","","92","","15","","7","","19.3","","102.59","","","","","","NA"
"2015-02-25 19:00","2015","02","25","19:00","","7.6","","6.2","","91","","12","","6","","19.3","","102.55","","","","","","Cloudy"
"2015-02-25 20:00","2015","02","25","20:00","","6.7","","6.0","","95","","36","","2","","19.3","","102.53","","","","","","NA"
"2015-02-25 21:00","2015","02","25","21:00","","6.6","","6.2","","97","","2","","6","","19.3","","102.52","","","","","","NA"
"2015-02-25 22:00","2015","02","25","22:00","","7.1","","6.1","","93","","8","","4","","19.3","","102.50","","","","","","Cloudy"
"2015-02-25 23:00","2015","02","25","23:00","","5.5","","4.9","","96","","10","","8","","24.1","","102.46","","","","","","NA"
"2015-02-26 00:00","2015","02","26","00:00","","6.3","","5.9","","97","","6","","5","","19.3","","102.46","","","","","","NA"
"2015-02-26 01:00","2015","02","26","01:00","","6.4","","5.4","","93","","36","","2","","19.3","","102.44","","","","","","Cloudy"
"2015-02-26 02:00","2015","02","26","02:00","","6.0","","4.8","","92","","36","","3","","24.1","","102.40","","","","","","NA"
"2015-02-26 03:00","2015","02","26","03:00","","5.2","","4.2","","93","","36","","1","","24.1","","102.38","","","","","","NA"
"2015-02-26 04:00","2015","02","26","04:00","","5.5","","4.6","","94","","3","","3","","24.1","","102.32","","","","","","Cloudy"
"2015-02-26 05:00","2015","02","26","05:00","","5.9","","5.2","","95","","5","","8","","24.1","","102.28","","","","","","NA"
"2015-02-26 06:00","2015","02","26","06:00","","6.0","","5.0","","93","","8","","7","","24.1","","102.23","","","","","","NA"
"2015-02-26 07:00","2015","02","26","07:00","","6.5","","5.6","","94","","9","","8","","11.3","","102.18","","","","","","Cloudy"
"2015-02-26 08:00","2015","02","26","08:00","","6.8","","5.9","","94","","8","","10","","12.9","","102.18","","","","","","NA"
"2015-02-26 09:00","2015","02","26","09:00","","7.0","","5.6","","91","","8","","9","","24.1","","102.18","","","","","","NA"
"2015-02-26 10:00","2015","02","26","10:00","","7.6","","6.2","","91","","9","","10","","24.1","","102.12","","","","","","Cloudy"
"2015-02-26 11:00","2015","02","26","11:00","","7.9","","6.2","","89","","9","","10","","24.1","","102.07","","","","","","NA"
"2015-02-26 12:00","2015","02","26","12:00","","8.4","","6.5","","88","","9","","13","","24.1","","102.00","","","","","","Drizzle"
"2015-02-26 13:00","2015","02","26","13:00","","8.9","","6.2","","83","","11","","12","","24.1","","101.89","","","","","","Cloudy"
"2015-02-26 14:00","2015","02","26","14:00","","9.1","","5.7","","79","","10","","12","","24.1","","101.81","","","","","","NA"
"2015-02-26 15:00","2015","02","26","15:00","","9.2","","6.0","","80","","13","","11","","24.1","","101.72","","","","","","NA"
"2015-02-26 16:00","2015","02","26","16:00","","9.3","","6.2","","81","","11","","13","","24.1","","101.62","","","","","","Cloudy"
"2015-02-26 17:00","2015","02","26","17:00","","8.9","","6.2","","83","","11","","10","","24.1","","101.51","","","","","","NA"
"2015-02-26 18:00","2015","02","26","18:00","","8.7","","6.0","","83","","10","","9","","24.1","","101.45","","","","","","NA"
"2015-02-26 19:00","2015","02","26","19:00","","8.5","","6.0","","84","","6","","10","","24.1","","101.38","","","","","","Rain"
"2015-02-26 20:00","2015","02","26","20:00","","8.2","","6.2","","87","","7","","6","","24.1","","101.31","","","","","","Rain"
"2015-02-26 21:00","2015","02","26","21:00","","7.9","","6.1","","88","","9","","4","","24.1","","101.24","","","","","","Rain"
"2015-02-26 22:00","2015","02","26","22:00","","7.1","","6.2","","94","","35","","8","","24.1","","101.15","","","","","","Rain"
"2015-02-26 23:00","2015","02","26","23:00","","6.9","","6.0","","94","","31","","9","","24.1","","101.09","","","","","","Rain"
"2015-02-27 00:00","2015","02","27","00:00","","6.5","","5.8","","95","","31","","6","","24.1","","101.03","","","","","","Rain"
"2015-02-27 01:00","2015","02","27","01:00","","6.6","","6.0","","96","","34","","4","","24.1","","100.97","","","","","","Rain"
"2015-02-27 02:00","2015","02","27","02:00","","6.4","","5.8","","96","","32","","10","","24.1","","100.93","","","","","","Rain"
"2015-02-27 03:00","2015","02","27","03:00","","6.8","","6.1","","95","","34","","12","","24.1","","100.87","","","","","","Rain"
"2015-02-27 04:00","2015","02","27","04:00","","6.5","","5.8","","95","","19","","4","","24.1","","100.86","","","","","","Rain"
"2015-02-27 05:00","2015","02","27","05:00","","6.3","","5.7","","96","","36","","1","","24.1","","100.82","","","","","","Rain"
"2015-02-27 06:00","2015","02","27","06:00","","5.6","","5.2","","97","","28","","10","","24.1","","100.82","","","","","","NA"
"2015-02-27 07:00","2015","02","27","07:00","","5.7","","4.8","","94","","32","","14","","48.3","","100.79","","","","","","Cloudy"
"2015-02-27 08:00","2015","02","27","08:00","","7.0","","6.3","","95","","29","","21","","48.3","","100.84","","","","","","NA"
"2015-02-27 09:00","2015","02","27","09:00","","7.6","","6.7","","94","","30","","19","","48.3","","100.87","","","","","","NA"
"2015-02-27 10:00","2015","02","27","10:00","","8.2","","6.7","","90","","30","","28","","48.3","","100.93","","","","","","Mostly Cloudy"
"2015-02-27 11:00","2015","02","27","11:00","","7.9","","6.4","","90","","29","","21","","48.3","","100.98","","","","","","NA"
"2015-02-27 12:00","2015","02","27","12:00","","8.2","","6.2","","87","","30","","28","","48.3","","101.02","","","","","","NA"
"2015-02-27 13:00","2015","02","27","13:00","","9.0","","6.5","","84","","29","","27","","48.3","","101.02","","","","","","Mostly Cloudy"
"2015-02-27 14:00","2015","02","27","14:00","","8.4","","6.2","","86","","29","","23","","48.3","","101.04","","","","","","NA"
"2015-02-27 15:00","2015","02","27","15:00","","8.0","","6.2","","88","","31","","25","","48.3","","101.07","","","","","","NA"
"2015-02-27 16:00","2015","02","27","16:00","","9.3","","6.9","","85","","30","","16","","48.3","","101.10","","","","","","Mainly Clear"
"2015-02-27 17:00","2015","02","27","17:00","","8.5","","6.6","","88","","30","","15","","48.3","","101.15","","","","","","NA"
"2015-02-27 18:00","2015","02","27","18:00","","6.6","","5.2","","91","","33","","11","","48.3","","101.23","","","","","","NA"
"2015-02-27 19:00","2015","02","27","19:00","","7.9","","5.2","","83","","0","","1","","32.2","","101.31","","","","","","Clear"
"2015-02-27 20:00","2015","02","27","20:00","","5.3","","2.5","","82","","2","","5","","32.2","","101.43","","","","","","NA"
"2015-02-27 21:00","2015","02","27","21:00","","4.1","","2.8","","91","","36","","2","","32.2","","101.53","","","","","","NA"
"2015-02-27 22:00","2015","02","27","22:00","","2.8","","-0.3","","80","","36","","5","","32.2","","101.64","","","","","","Clear"
"2015-02-27 23:00","2015","02","27","23:00","","5.7","","-3.1","","53","","36","","15","","32.2","","101.72","","","","","","NA"
"2015-02-28 00:00","2015","02","28","00:00","","2.7","","-3.2","","65","","35","","10","","32.2","","101.82","","","","","","NA"
"2015-02-28 01:00","2015","02","28","01:00","","3.5","","-4.0","","58","","12","","12","","32.2","","101.91","","","","","","Clear"
"2015-02-28 02:00","2015","02","28","02:00","","2.0","","-4.1","","64","","10","","17","","32.2","","101.97","","","","","","NA"
"2015-02-28 03:00","2015","02","28","03:00","","2.3","","-5.6","","56","","6","","5","","40.2","","102.00","","","","","","NA"
"2015-02-28 04:00","2015","02","28","04:00","","-0.9","","-4.3","","78","","33","","12","","32.2","","102.08","","","","-5","","Clear"
"2015-02-28 05:00","2015","02","28","05:00","","1.8","","-4.1","","65","","11","","7","","32.2","","102.13","","","","","","NA"
"2015-02-28 06:00","2015","02","28","06:00","","-0.8","","-4.9","","74","","11","","5","","32.2","","102.20","","","","-2","","NA"
"2015-02-28 07:00","2015","02","28","07:00","","-1.2","","-4.6","","78","","35","","6","","48.3","","102.23","","","","-3","","Clear"
"2015-02-28 08:00","2015","02","28","08:00","","1.6","","-3.5","","69","","36","","3","","48.3","","102.34","","","","","","NA"
"2015-02-28 09:00","2015","02","28","09:00","","6.6","","-3.1","","50","","","","0","","48.3","","102.39","","","","","","NA"
"2015-02-28 10:00","2015","02","28","10:00","","8.3","","-4.8","","39","","36","","2","","48.3","","102.39","","","","","","Clear"
"2015-02-28 11:00","2015","02","28","11:00","","9.4","","-2.5","","43","","36","","1","","48.3","","102.40","","","","","","NA"
"2015-02-28 12:00","2015","02","28","12:00","","8.9","","-2.7","","44","","24","","14","","48.3","","102.41","","","","","","NA"
"2015-02-28 13:00","2015","02","28","13:00","","8.8","","-0.2","","53","","24","","13","","48.3","","102.36","","","","","","Clear"
"2015-02-28 14:00","2015","02","28","14:00","","9.0","","0.2","","54","","26","","14","","48.3","","102.31","","","","","","NA"
"2015-02-28 15:00","2015","02","28","15:00","","9.5","","1.7","","58","","30","","13","","48.3","","102.30","","","","","","NA"
"2015-02-28 16:00","2015","02","28","16:00","","9.5","","-0.7","","49","","30","","10","","48.3","","102.29","","","","","","Clear"
"2015-02-28 17:00","2015","02","28","17:00","","8.3","","-0.2","","55","","32","","9","","48.3","","102.26","","","","","","NA"
"2015-02-28 18:00","2015","02","28","18:00","","5.5","","-4.1","","50","","33","","13","","48.3","","102.26","","","","","","NA"
"2015-02-28 19:00","2015","02","28","19:00","","4.3","","-4.7","","52","","34","","10","","32.2","","102.27","","","","","","Mainly Clear"
"2015-02-28 20:00","2015","02","28","20:00","","5.9","","-5.7","","43","","34","","8","","32.2","","102.26","","","","","","NA"
"2015-02-28 21:00","2015","02","28","21:00","","4.9","","-4.9","","49","","34","","9","","32.2","","102.30","","","","","","NA"
"2015-02-28 22:00","2015","02","28","22:00","","4.0","","-3.1","","60","","15","","5","","32.2","","102.33","","","","","","Mostly Cloudy"
"2015-02-28 23:00","2015","02","28","23:00","","4.4","","-2.9","","59","","12","","12","","32.2","","102.33","","","","","","NA"
